,road,sidewalk,building,wall,fence,pole,traffic light,traffic sign,vegetation,terrain,sky,person,rider,car,truck,bus,train,motorcycle,bicycle,ignore
"51.53567,-0.24765_165",0.41891845703125,NA,0.10006103515625,NA,NA,NA,NA,NA,NA,NA,0.40078857421875,NA,0.01042724609375,0.03635986328125,0.00236083984375,NA,NA,NA,0.01491943359375,0.01616455078125
"51.53567,-0.24765_345",NA,NA,0.64591796875,NA,NA,NA,NA,0.0092138671875,NA,NA,0.04285888671875,0.00850830078125,NA,NA,NA,NA,NA,NA,NA,0.2935009765625
"51.53567,-0.24765_255",0.307099609375,0.1232177734375,0.2155517578125,0.00277099609375,NA,0.0320947265625,NA,0.0103515625,NA,NA,0.27697998046875,0.00294921875,NA,0.0255224609375,NA,NA,NA,NA,NA,0.0034619140625
"51.53567,-0.24765_75",0.38070068359375,NA,0.39381591796875,NA,NA,NA,NA,NA,NA,NA,0.206357421875,0.00105712890625,NA,0.00544189453125,0.005537109375,NA,NA,NA,NA,0.00708984375
"51.53694,-0.25592_213",0.16270751953125,0.05760986328125,0.31372802734375,NA,NA,NA,NA,NA,0.02826904296875,NA,0.25566162109375,0.00295654296875,NA,0.1767626953125,NA,NA,NA,0.0019873046875,NA,0.0003173828125
"51.53694,-0.25592_123",0.3253515625,0.07955810546875,0.16197021484375,0.0106689453125,0.0323486328125,NA,NA,NA,NA,NA,0.336416015625,NA,NA,0.00309326171875,NA,NA,NA,NA,NA,0.05059326171875
"51.53694,-0.25592_33",0.294140625,0.06191650390625,NA,0.0293115234375,0.0353564453125,NA,NA,NA,0.19505615234375,NA,0.25822021484375,0.00182861328125,0.00164306640625,0.04857177734375,NA,NA,NA,NA,NA,0.073955078125
"51.53694,-0.25592_303",0.2609375,0.031298828125,0.166376953125,0.0064111328125,0.01343505859375,NA,NA,NA,0.16239501953125,NA,0.22638427734375,NA,NA,0.12706298828125,NA,NA,NA,NA,NA,0.0056982421875
"51.53682,-0.25574_213",0.24143310546875,0.04432861328125,0.24497314453125,0.00107666015625,NA,NA,NA,NA,NA,NA,0.3194189453125,0.00124267578125,NA,0.12505859375,NA,NA,NA,NA,NA,0.02246826171875
"51.53682,-0.25574_123",0.31072509765625,0.060244140625,0.21282470703125,0.0145556640625,0.02729736328125,NA,NA,NA,NA,NA,0.29799072265625,NA,NA,0.039404296875,NA,NA,NA,NA,NA,0.0369580078125
"51.53682,-0.25574_33",0.2923974609375,0.087861328125,0.2306689453125,0.035087890625,0.05474365234375,0.0050048828125,NA,NA,0.03456787109375,NA,0.252265625,NA,NA,0.00473388671875,NA,NA,NA,NA,NA,0.00266845703125
"51.53682,-0.25574_303",0.279541015625,0.04647216796875,0.1877978515625,0.0076708984375,0.0256298828125,NA,NA,0.00130126953125,NA,NA,0.33781494140625,NA,NA,0.0745751953125,NA,NA,NA,NA,NA,0.03919677734375
"51.53448,-0.24938_250",0.36539794921875,0.03115234375,NA,0.01080810546875,NA,NA,NA,NA,0.32703125,0.0278662109375,NA,NA,NA,0.02912109375,NA,NA,NA,NA,NA,0.208623046875
"51.53448,-0.24938_160",0.3126171875,0.0365966796875,0.0567431640625,0.03309814453125,NA,NA,NA,NA,0.18699462890625,0.0210986328125,0.291552734375,NA,NA,0.05666259765625,NA,NA,NA,NA,NA,0.00463623046875
"51.53448,-0.24938_70",0.263828125,NA,0.1583251953125,0.056904296875,NA,NA,NA,NA,NA,NA,0.3431787109375,NA,NA,0.13353515625,NA,NA,NA,NA,NA,0.044228515625
"51.53448,-0.24938_340",0.3500927734375,0.0128515625,0.09038818359375,0.02366455078125,NA,NA,NA,NA,NA,NA,0.33767822265625,0.00344970703125,NA,0.08497314453125,NA,NA,NA,NA,NA,0.09690185546875
"51.53431,-0.24930_250",0.252490234375,0.0593359375,NA,NA,0.028486328125,0.0063134765625,NA,NA,0.3018017578125,0.047470703125,NA,0.00458251953125,NA,0.069501953125,NA,NA,NA,NA,NA,0.23001708984375
"51.53431,-0.24930_70",0.32527099609375,NA,0.17290771484375,0.0010546875,0.0098828125,NA,NA,NA,NA,NA,0.3248046875,NA,NA,0.08687255859375,NA,NA,NA,NA,NA,0.07920654296875
"51.53431,-0.24930_340",0.2872216796875,0.01083984375,NA,NA,0.01064208984375,NA,NA,NA,0.175576171875,0.0250244140625,0.304130859375,NA,NA,0.1481591796875,NA,NA,NA,NA,NA,0.03840576171875
"51.53431,-0.24930_160",0.31394287109375,0.0759912109375,0.09724853515625,0.00130859375,0.02067138671875,0.005537109375,NA,NA,0.18414306640625,0.00904296875,0.27123779296875,0.01158447265625,NA,0.00125244140625,NA,NA,NA,NA,NA,0.00803955078125
"51.53569,-0.24887_189",0.4118701171875,0.032216796875,NA,0.0111865234375,NA,NA,NA,NA,0.09530029296875,0.00850341796875,0.38529541015625,0.0008056640625,NA,0.0013623046875,NA,NA,NA,NA,NA,0.05345947265625
"51.53569,-0.24887_99",0.3378515625,0.07935302734375,0.10241943359375,0.03546875,0.0290625,NA,NA,NA,NA,NA,0.34921142578125,NA,NA,0.00156005859375,NA,NA,NA,NA,NA,0.0650732421875
"51.53569,-0.24887_9",0.280830078125,0.09233642578125,0.1458642578125,0.07404296875,0.0149853515625,NA,NA,0.0011279296875,NA,NA,0.21037841796875,0.0006982421875,NA,NA,NA,NA,NA,NA,NA,0.179736328125
"51.53569,-0.24887_279",0.34085693359375,0.0745654296875,0.06763916015625,0.0386474609375,NA,NA,NA,NA,0.194326171875,0.00644775390625,0.2732763671875,NA,NA,0.00078369140625,NA,NA,NA,NA,NA,0.00345703125
"51.53468,-0.25018_14",0.25170166015625,0.0358837890625,0.13040771484375,0.01994873046875,0.01248779296875,NA,NA,NA,NA,NA,0.3399462890625,NA,NA,0.13896484375,NA,NA,NA,NA,NA,0.0706591796875
"51.53468,-0.25018_284",0.2971630859375,0.036083984375,0.135849609375,NA,0.00291748046875,NA,NA,NA,0.20919921875,NA,NA,NA,0.00065185546875,0.08337158203125,NA,NA,NA,NA,NA,0.23476318359375
"51.53468,-0.25018_194",0.14432373046875,NA,0.19377197265625,NA,NA,NA,NA,NA,NA,NA,0.2169921875,NA,NA,0.23939208984375,NA,NA,NA,NA,0.00102294921875,0.2044970703125
"51.53468,-0.25018_104",0.218330078125,NA,0.125439453125,0.0030029296875,NA,NA,NA,NA,NA,NA,0.32754150390625,NA,NA,0.221474609375,NA,NA,NA,NA,NA,0.10421142578125
"51.53489,-0.25095_104",0.31681884765625,0.0721044921875,0.16221435546875,0.03569091796875,NA,NA,NA,NA,NA,NA,0.35363525390625,NA,NA,0.012421875,NA,NA,NA,NA,NA,0.0471142578125
"51.53489,-0.25095_194",0.23905517578125,0.11671630859375,0.238720703125,0.04818603515625,0.00796142578125,NA,NA,NA,NA,NA,0.324765625,NA,NA,0.01232177734375,NA,NA,NA,NA,NA,0.01227294921875
"51.53489,-0.25095_14",0.31670654296875,0.04288330078125,0.181416015625,NA,NA,NA,NA,NA,NA,NA,0.33975830078125,NA,NA,0.05358154296875,NA,NA,NA,NA,0.0014306640625,0.0642236328125
"51.53489,-0.25095_284",0.2812548828125,0.069443359375,0.20174072265625,0.00861083984375,NA,NA,NA,NA,NA,NA,0.33085693359375,NA,0.00148681640625,0.05097900390625,NA,NA,NA,NA,0.0009765625,0.05465087890625
"51.53496,-0.25121_284",0.27664306640625,0.0508203125,0.21868408203125,0.00075927734375,NA,0.01085693359375,NA,NA,0.00978271484375,0.00842529296875,0.33341064453125,NA,0.0024169921875,0.080849609375,NA,NA,NA,NA,0.0011962890625,0.00615478515625
"51.53496,-0.25121_14",0.23120849609375,NA,0.21422119140625,0.005947265625,NA,NA,NA,NA,NA,NA,0.3346826171875,NA,NA,0.18242431640625,NA,NA,NA,NA,NA,0.03151611328125
"51.53496,-0.25121_104",0.27635986328125,0.0405322265625,0.15912109375,0.023291015625,NA,NA,NA,NA,NA,NA,0.29583984375,NA,NA,0.1012890625,NA,NA,NA,NA,NA,0.10356689453125
"51.53496,-0.25121_194",0.26091064453125,0.11378662109375,0.1887841796875,0.03799072265625,NA,0.007861328125,NA,NA,NA,NA,0.25653076171875,NA,NA,0.0007861328125,NA,NA,NA,0.00230712890625,NA,0.13104248046875
"51.53642,-0.25551_217",0.245927734375,0.01626220703125,0.17455810546875,0.00756591796875,NA,NA,NA,NA,NA,NA,0.185224609375,NA,NA,0.13902587890625,NA,NA,NA,NA,NA,0.231435546875
"51.53642,-0.25551_127",0.31250732421875,0.05606689453125,0.21023681640625,0.0015625,NA,0.00748291015625,NA,NA,NA,NA,0.34498291015625,NA,NA,0.0348486328125,NA,NA,NA,NA,NA,0.03231201171875
"51.53642,-0.25551_37",0.343291015625,0.06617919921875,0.186650390625,0.00591064453125,0.01352294921875,NA,NA,NA,0.11895751953125,NA,0.25817626953125,NA,NA,0.00189453125,NA,NA,NA,NA,NA,0.00541748046875
"51.53642,-0.25551_307",0.2255908203125,0.01474609375,0.19658203125,0.007158203125,0.00555908203125,NA,NA,NA,0.1422119140625,NA,0.2413330078125,0.00093994140625,NA,0.16031005859375,NA,NA,NA,NA,NA,0.00556884765625
"51.53620,-0.25545_127",0.29897216796875,0.0619091796875,0.047880859375,NA,0.00610107421875,0.0090087890625,NA,NA,0.15630615234375,0.02956298828125,0.33439453125,NA,NA,0.0392333984375,NA,NA,NA,NA,NA,0.016630859375
"51.53620,-0.25545_37",0.31033203125,0.07669921875,0.0518408203125,0.00422119140625,0.01936767578125,NA,NA,NA,0.12841552734375,0.031376953125,0.35954833984375,NA,NA,0.0082421875,NA,NA,NA,NA,0.003310546875,0.0066455078125
"51.53620,-0.25545_307",0.3001953125,0.04958740234375,0.23733154296875,0.002861328125,NA,NA,NA,NA,NA,NA,0.3316650390625,NA,NA,0.05732666015625,NA,NA,NA,NA,NA,0.02103271484375
"51.53620,-0.25545_217",0.32020263671875,0.0714208984375,0.22145263671875,NA,NA,NA,NA,NA,NA,NA,0.2991015625,NA,NA,0.01132080078125,NA,NA,NA,NA,NA,0.07650146484375
"51.53598,-0.25540_217",0.3147119140625,0.07259033203125,0.22986083984375,0.00475341796875,NA,NA,NA,0.00126953125,0.12530517578125,NA,0.228505859375,NA,NA,0.015400390625,NA,NA,NA,NA,NA,0.0076025390625
"51.53598,-0.25540_127",0.23236572265625,0.0107373046875,0.22046142578125,NA,0.00665771484375,NA,NA,NA,0.22218994140625,NA,0.10991943359375,NA,NA,0.19196044921875,NA,NA,NA,NA,NA,0.0057080078125
"51.53598,-0.25540_37",0.225283203125,NA,0.17997802734375,0.00409423828125,NA,NA,NA,NA,NA,NA,0.34243896484375,NA,NA,0.2132275390625,NA,NA,NA,NA,NA,0.03497802734375
"51.53598,-0.25540_307",0.31999755859375,0.06529541015625,0.22657470703125,0.0005029296875,NA,NA,NA,NA,NA,NA,0.33695068359375,0.00437255859375,NA,0.0155712890625,NA,NA,NA,NA,NA,0.03073486328125
"51.53455,-0.24967_284",0.3078369140625,0.08196044921875,0.1390966796875,NA,0.020615234375,NA,NA,NA,0.10720458984375,0.02121826171875,0.29397705078125,NA,0.0009228515625,0.02261962890625,NA,NA,NA,NA,NA,0.00454833984375
"51.53455,-0.24967_194",0.2628955078125,0.11703857421875,0.0385595703125,0.005771484375,0.02875244140625,NA,NA,NA,0.39581787109375,0.05648681640625,0.089423828125,NA,NA,NA,NA,NA,NA,NA,NA,0.00525390625
"51.53455,-0.24967_104",0.3282666015625,0.06881103515625,0.01719482421875,0.02129638671875,NA,NA,NA,NA,0.42509765625,0.03337890625,0.10017578125,NA,NA,NA,NA,NA,NA,NA,NA,0.00577880859375
"51.53455,-0.24967_14",0.30702880859375,0.0585205078125,0.11538818359375,0.02995361328125,NA,NA,NA,NA,0.31107666015625,NA,0.14310546875,NA,NA,0.0314404296875,NA,NA,NA,NA,NA,0.003486328125
"51.53482,-0.25069_104",0.266728515625,0.04494384765625,0.18879638671875,NA,NA,NA,NA,NA,NA,NA,0.335048828125,NA,NA,0.09260986328125,NA,NA,NA,NA,NA,0.07187255859375
"51.53482,-0.25069_284",0.253837890625,0.02802490234375,0.19542724609375,0.01161865234375,NA,NA,NA,NA,NA,NA,0.3515087890625,NA,0.00152099609375,0.1246435546875,NA,NA,NA,NA,NA,0.03341796875
"51.53482,-0.25069_14",0.28778076171875,NA,0.15971435546875,0.0382421875,NA,0.00693359375,NA,NA,NA,NA,0.32576171875,NA,NA,0.0948486328125,NA,NA,NA,NA,NA,0.08671875
"51.53482,-0.25069_194",0.18605712890625,0.0281591796875,0.2093359375,0.04341064453125,NA,0.00597412109375,NA,NA,NA,NA,0.33436767578125,NA,NA,0.17234619140625,NA,NA,NA,NA,NA,0.02034912109375
"51.53461,-0.24992_194",0.19429931640625,0.05443603515625,0.16121826171875,0.04160400390625,NA,NA,NA,NA,NA,0.00655517578125,0.3392919921875,NA,NA,0.13498046875,NA,NA,NA,NA,NA,0.06761474609375
"51.53461,-0.24992_104",0.29523193359375,0.06134033203125,0.118076171875,0.02947509765625,0.02677978515625,NA,NA,NA,0.07640625,0.00243408203125,0.3324560546875,NA,NA,0.05094970703125,NA,NA,NA,NA,NA,0.0068505859375
"51.53461,-0.24992_14",0.31511474609375,NA,0.1612109375,0.02729248046875,NA,NA,NA,NA,NA,NA,0.23075927734375,NA,NA,0.0796044921875,NA,NA,NA,NA,NA,0.18601806640625
"51.53461,-0.24992_284",0.25322265625,0.04481201171875,0.1203125,0.01405029296875,0.0050390625,NA,NA,NA,0.1841064453125,NA,NA,NA,NA,0.1213525390625,NA,NA,NA,NA,NA,0.2571044921875
"51.53475,-0.25044_284",0.30453369140625,0.06081298828125,0.2076708984375,NA,NA,NA,NA,NA,NA,NA,0.2744482421875,NA,0.002216796875,0.0328466796875,NA,NA,NA,NA,0.000751953125,0.11671875
"51.53475,-0.25044_14",0.31467041015625,0.08283935546875,0.14362060546875,0.024697265625,NA,0.005458984375,NA,0.0019189453125,0.20324951171875,0.00150634765625,NA,NA,NA,0.00647705078125,NA,NA,NA,NA,NA,0.2155615234375
"51.53475,-0.25044_104",0.32361328125,0.077666015625,0.197841796875,0.00376708984375,0.00730712890625,NA,NA,NA,NA,0.0065087890625,0.335654296875,NA,NA,0.00152587890625,NA,NA,NA,NA,NA,0.04611572265625
"51.53475,-0.25044_194",0.2721435546875,0.08064208984375,0.223759765625,0.02373779296875,0.0097412109375,NA,NA,NA,NA,0.0017041015625,0.3256103515625,NA,NA,0.036142578125,NA,NA,NA,NA,NA,0.0265185546875
"51.53576,-0.25535_217",0.29880615234375,0.02862548828125,0.19953857421875,0.0008935546875,0.00795654296875,NA,NA,NA,0.1148974609375,NA,0.26099853515625,0.00101318359375,NA,0.0809619140625,NA,NA,NA,0.00401123046875,NA,0.00229736328125
"51.53576,-0.25535_127",0.3044970703125,0.0724755859375,0.33849365234375,0.00031005859375,0.00699951171875,0.0221337890625,NA,NA,0.04103759765625,NA,0.19781005859375,NA,NA,0.01236328125,NA,NA,NA,NA,NA,0.00387939453125
"51.53576,-0.25535_307",0.2958642578125,0.03552978515625,0.210615234375,NA,NA,NA,NA,NA,NA,NA,0.31135009765625,NA,NA,0.082490234375,NA,NA,NA,NA,NA,0.064150390625
"51.53576,-0.25535_37",0.31176025390625,0.0768994140625,0.218232421875,NA,NA,0.02068115234375,NA,NA,0.07628173828125,NA,0.2841259765625,NA,NA,0.00706298828125,NA,NA,NA,NA,NA,0.0049560546875
"51.53554,-0.25529_217",0.30912841796875,0.08205078125,0.13449951171875,0.00993896484375,0.03518798828125,NA,NA,NA,0.2560498046875,NA,NA,NA,NA,NA,NA,NA,NA,NA,NA,0.17314453125
"51.53554,-0.25529_127",0.31842041015625,0.0617724609375,0.192236328125,0.006455078125,0.028642578125,NA,NA,NA,NA,NA,0.37248046875,NA,NA,0.0017138671875,NA,NA,NA,NA,NA,0.01827880859375
"51.53554,-0.25529_37",0.31750244140625,0.06872314453125,0.24249267578125,NA,NA,NA,NA,0.0024365234375,NA,NA,0.283955078125,NA,NA,0.01496826171875,NA,NA,NA,NA,NA,0.069921875
"51.53554,-0.25529_307",0.3177099609375,0.07038330078125,0.132421875,0.04863037109375,0.00511962890625,NA,NA,0.0014013671875,NA,NA,0.35113525390625,NA,NA,0.01469482421875,NA,NA,NA,NA,NA,0.05850341796875
"51.53490,-0.25361_127",0.31593505859375,0.0894970703125,0.10217529296875,0.00103271484375,0.06339111328125,NA,NA,NA,NA,NA,0.35738525390625,NA,NA,NA,NA,NA,NA,NA,NA,0.07058349609375
"51.53490,-0.25361_37",0.29539794921875,0.05281005859375,0.271552734375,NA,NA,0.00953125,NA,NA,NA,NA,0.3206689453125,NA,NA,0.04829833984375,NA,NA,NA,NA,NA,0.00174072265625
"51.53490,-0.25361_307",0.30533203125,0.060126953125,0.15293701171875,0.02748046875,NA,NA,NA,NA,0.3020654296875,NA,0.10788818359375,NA,NA,0.03227783203125,NA,NA,NA,0.002294921875,0.0014404296875,0.00815673828125
"51.53490,-0.25361_217",0.2673876953125,0.11472412109375,0.01540283203125,0.01458984375,0.07979736328125,NA,NA,NA,0.32537353515625,0.0043017578125,0.16974853515625,NA,NA,NA,0.00268798828125,NA,NA,NA,NA,0.005986328125
"51.53483,-0.25339_217",0.29895751953125,0.0946826171875,0.029970703125,NA,0.0535107421875,NA,NA,NA,0.4117236328125,0.0557080078125,0.05218505859375,NA,NA,NA,NA,NA,NA,NA,NA,0.00326171875
"51.53483,-0.25339_127",0.326748046875,0.0789013671875,0.08620361328125,0.00362060546875,0.0434912109375,NA,NA,NA,0.32085693359375,0.01359375,0.11902587890625,0.0010595703125,NA,0.00084716796875,NA,NA,NA,NA,NA,0.00565185546875
"51.53483,-0.25339_37",0.2886083984375,0.09758056640625,0.235673828125,0.02036865234375,NA,NA,NA,NA,NA,NA,0.300517578125,0.00156982421875,NA,0.0014111328125,NA,NA,NA,NA,NA,0.05427001953125
"51.53483,-0.25339_307",0.31572998046875,0.08102294921875,0.16855712890625,NA,0.0051806640625,NA,NA,0.0008544921875,0.26698974609375,0.02343017578125,0.132060546875,NA,NA,NA,NA,NA,NA,NA,NA,0.00617431640625
"51.53477,-0.25317_217",0.31029541015625,0.08608642578125,0.0155615234375,NA,0.06154541015625,NA,NA,0.00146484375,0.47578369140625,0.031025390625,0.0169287109375,NA,NA,NA,NA,NA,NA,NA,NA,0.00130859375
"51.53477,-0.25317_127",0.3287255859375,0.08963134765625,0.03251953125,NA,0.05150146484375,NA,NA,NA,0.2903271484375,0.006552734375,0.18357177734375,NA,NA,0.00796630859375,NA,NA,NA,NA,NA,0.0092041015625
"51.53477,-0.25317_37",0.2825048828125,0.11850341796875,0.194072265625,0.013857421875,NA,0.014326171875,NA,NA,0.1460009765625,NA,NA,0.006806640625,NA,0.001904296875,NA,NA,NA,NA,NA,0.22202392578125
"51.53477,-0.25317_307",0.31593505859375,0.08721923828125,0.15673583984375,NA,0.00765625,0.00962158203125,NA,NA,0.33310546875,0.02151123046875,0.06239501953125,0.0028466796875,NA,0.000224609375,NA,NA,NA,NA,NA,0.0027490234375
"51.53461,-0.25270_192",0.249296875,0.05724609375,NA,NA,0.067041015625,NA,NA,NA,0.338720703125,NA,NA,NA,NA,0.09365234375,NA,NA,NA,NA,NA,0.19404296875
"51.53461,-0.25270_102",0.29339111328125,0.06814453125,0.1469091796875,NA,0.03062744140625,NA,NA,NA,NA,NA,0.3286376953125,NA,NA,0.03861083984375,NA,NA,NA,NA,NA,0.09367919921875
"51.53461,-0.25270_12",0.26341796875,0.0796923828125,0.2218359375,0.0270947265625,0.00726318359375,0.0071533203125,NA,NA,NA,0.01097412109375,0.31662353515625,NA,NA,0.0383447265625,NA,NA,NA,NA,0.00205810546875,0.0255419921875
"51.53461,-0.25270_282",0.279541015625,0.057900390625,0.07961669921875,0.0081640625,0.044365234375,NA,NA,NA,0.28744873046875,NA,0.1773291015625,NA,NA,0.0603369140625,NA,NA,NA,NA,NA,0.0052978515625
"51.53452,-0.25244_192",0.29695068359375,0.084716796875,0.0207763671875,NA,0.1107958984375,NA,NA,NA,0.152939453125,NA,0.3141015625,NA,NA,0.00599853515625,0.0099755859375,NA,NA,NA,NA,0.0037451171875
"51.53452,-0.25244_102",0.31528564453125,0.079833984375,0.16291015625,0.035263671875,NA,NA,NA,NA,0.10093994140625,NA,0.293935546875,NA,NA,0.00264404296875,NA,NA,NA,NA,0.001396484375,0.00779052734375
"51.53452,-0.25244_12",0.25811279296875,0.06550537109375,0.22248779296875,0.036953125,NA,NA,NA,NA,NA,NA,0.311416015625,NA,NA,0.062880859375,NA,NA,NA,NA,NA,0.04264404296875
"51.53452,-0.25244_282",0.28488525390625,0.06048828125,0.0711083984375,0.00693115234375,0.05733642578125,NA,NA,NA,0.062783203125,NA,0.38599853515625,NA,NA,0.06335205078125,NA,NA,NA,NA,NA,0.00711669921875
"51.53444,-0.25218_192",0.31346923828125,0.07896728515625,0.07257080078125,0.03787109375,0.02921875,NA,NA,NA,0.13619140625,0.00559814453125,0.31992919921875,NA,NA,0.002490234375,NA,NA,NA,NA,NA,0.00369384765625
"51.53444,-0.25218_102",0.30783935546875,0.08466064453125,0.221806640625,0.00488525390625,0.0163232421875,NA,NA,0.0015576171875,NA,0.00136474609375,0.3358056640625,NA,NA,0.00239501953125,NA,NA,NA,NA,NA,0.02336181640625
"51.53444,-0.25218_12",0.266767578125,0.1068212890625,0.2902490234375,0.00501220703125,NA,0.01655517578125,NA,NA,NA,NA,0.31161865234375,NA,NA,NA,NA,NA,NA,NA,NA,0.00297607421875
"51.53444,-0.25218_282",0.3254150390625,0.06329833984375,0.09063232421875,NA,0.0436572265625,0.00759033203125,NA,NA,0.16588623046875,NA,0.29033447265625,NA,NA,0.0080224609375,NA,NA,NA,NA,NA,0.00516357421875
"51.53437,-0.25192_192",0.3175732421875,0.049755859375,0.1695263671875,0.02337158203125,0.00971923828125,NA,NA,NA,NA,NA,0.33815185546875,NA,NA,0.044189453125,NA,NA,NA,NA,NA,0.04771240234375
"51.53437,-0.25192_102",0.25677978515625,0.07258544921875,0.26306884765625,0.00218017578125,NA,NA,NA,NA,NA,NA,0.326484375,NA,NA,0.0582763671875,NA,NA,NA,NA,NA,0.020625
"51.53437,-0.25192_12",0.19017333984375,0.169638671875,0.27992919921875,0.0365234375,NA,NA,NA,NA,NA,NA,0.27810302734375,NA,NA,NA,NA,NA,NA,NA,NA,0.04563232421875
"51.53437,-0.25192_282",0.31162841796875,0.081962890625,0.190732421875,0.0100146484375,NA,NA,NA,0.00126220703125,NA,0.01903076171875,0.33937744140625,NA,NA,0.00776123046875,NA,NA,NA,NA,NA,0.03822998046875
"51.53431,-0.25166_192",0.23283447265625,0.03607177734375,0.1505126953125,0.0212158203125,NA,NA,NA,NA,NA,NA,0.2354296875,NA,NA,0.127646484375,NA,NA,NA,NA,NA,0.1962890625
"51.53431,-0.25166_102",0.253310546875,0.03165283203125,0.233876953125,0.00177978515625,NA,0.029970703125,NA,NA,NA,NA,0.3216943359375,NA,NA,0.10958740234375,NA,NA,NA,NA,NA,0.01812744140625
"51.53431,-0.25166_12",0.17279541015625,0.04049072265625,0.2820263671875,0.00506103515625,NA,0.01265625,NA,NA,0.01798828125,0.00654052734375,0.28665283203125,NA,NA,0.16927978515625,NA,NA,NA,NA,0.00369384765625,0.00281494140625
"51.53431,-0.25166_282",0.25883544921875,0.04101318359375,0.18426513671875,0.0017333984375,NA,NA,NA,NA,0.1516455078125,NA,0.261767578125,NA,NA,0.0987646484375,NA,NA,NA,NA,NA,0.00197509765625
"51.53496,-0.25383_307",0.31552978515625,0.0726708984375,0.11086669921875,0.015361328125,0.0343603515625,NA,NA,0.001328125,0.260302734375,NA,0.17851806640625,NA,NA,0.0048486328125,NA,NA,NA,NA,NA,0.00621337890625
"51.53496,-0.25383_127",0.31377685546875,0.093955078125,0.10176513671875,0.00323974609375,0.04888671875,NA,NA,NA,NA,NA,0.36278564453125,NA,0.0006689453125,NA,NA,NA,NA,0.0013037109375,NA,0.0736181640625
"51.53496,-0.25383_217",0.26709716796875,0.1153173828125,0.007734375,0.02146728515625,0.08910888671875,NA,NA,NA,0.265830078125,NA,0.2267626953125,NA,NA,NA,NA,NA,NA,0.004267578125,NA,0.00241455078125
"51.53496,-0.25383_37",0.31103515625,0.0731005859375,0.21700439453125,0.0299072265625,NA,0.005205078125,NA,NA,NA,NA,0.3328857421875,NA,NA,0.00254150390625,NA,NA,NA,NA,0.0027783203125,0.0255419921875
"51.53541,-0.25512_217",0.2096630859375,0.0706884765625,NA,NA,0.1100048828125,NA,NA,NA,NA,NA,0.46838623046875,NA,NA,0.1090869140625,0.00779296875,NA,NA,NA,NA,0.02437744140625
"51.53541,-0.25512_127",0.32045654296875,0.07065185546875,0.11597900390625,0.00573486328125,0.0559228515625,NA,NA,NA,NA,NA,0.39513916015625,NA,NA,0.00876953125,0.0035205078125,NA,NA,NA,NA,0.02382568359375
"51.53541,-0.25512_37",0.2491748046875,NA,0.26572998046875,NA,NA,NA,NA,NA,NA,NA,0.3315673828125,NA,NA,0.12674072265625,NA,NA,NA,NA,NA,0.026787109375
"51.53541,-0.25512_307",0.2570458984375,0.02819580078125,0.1404443359375,0.00267822265625,0.0320654296875,NA,NA,NA,NA,0.002412109375,0.3957421875,NA,NA,0.1211181640625,NA,NA,NA,NA,NA,0.0202978515625
"51.53534,-0.25490_217",0.20526611328125,0.04279296875,NA,NA,0.051435546875,NA,NA,NA,0.1583544921875,NA,0.33285888671875,NA,NA,0.19261962890625,NA,NA,NA,NA,NA,0.01667236328125
"51.53534,-0.25490_127",0.2022314453125,NA,0.098408203125,0.0051611328125,NA,0.00531982421875,NA,NA,NA,NA,0.14268798828125,NA,NA,0.2513916015625,NA,NA,NA,NA,NA,0.2947998046875
"51.53534,-0.25490_37",0.2314697265625,0.062900390625,0.2647607421875,0.02430908203125,NA,0.0139111328125,NA,NA,NA,NA,0.281572265625,0.0014111328125,NA,0.09466064453125,NA,NA,NA,NA,NA,0.0250048828125
"51.53534,-0.25490_307",0.31566162109375,0.07784423828125,0.1633740234375,0.00442626953125,0.03220703125,NA,NA,0.00118896484375,NA,NA,0.38939453125,NA,NA,0.003310546875,NA,NA,NA,NA,NA,0.0125927734375
"51.53526,-0.25469_217",0.3039306640625,0.0901904296875,0.01139892578125,0.02242919921875,0.07677001953125,NA,NA,NA,0.2790283203125,NA,NA,NA,NA,NA,NA,NA,NA,NA,NA,0.21625244140625
"51.53526,-0.25469_127",0.272958984375,0.0569970703125,0.13958251953125,0.01092529296875,0.04339599609375,NA,NA,NA,0.133857421875,NA,0.26364013671875,NA,NA,0.07552490234375,NA,NA,NA,NA,NA,0.00311767578125
"51.53526,-0.25469_37",0.207490234375,0.07274169921875,0.29534912109375,0.02662353515625,NA,NA,NA,NA,NA,NA,0.2882177734375,NA,NA,0.10339599609375,NA,NA,NA,NA,NA,0.006181640625
"51.53526,-0.25469_307",0.31862548828125,0.07821044921875,0.15536865234375,0.0068896484375,0.0264990234375,NA,NA,0.0003662109375,0.2770458984375,NA,0.13248779296875,NA,NA,0.0012451171875,0.0018896484375,NA,NA,NA,NA,0.0013720703125
"51.53518,-0.25448_217",0.24814697265625,0.072314453125,NA,0.0440869140625,0.04074951171875,NA,NA,NA,0.40300537109375,NA,0.09021728515625,NA,NA,0.0727783203125,NA,NA,NA,NA,NA,0.028701171875
"51.53518,-0.25448_127",0.3222314453125,0.06572509765625,0.12322998046875,0.00936279296875,0.01776611328125,NA,NA,NA,0.33320068359375,NA,NA,NA,NA,0.0060205078125,NA,NA,NA,NA,NA,0.12246337890625
"51.53518,-0.25448_37",0.293369140625,0.086982421875,0.275087890625,0.04763427734375,NA,NA,NA,NA,NA,NA,0.28600341796875,NA,NA,0.003515625,NA,NA,NA,NA,NA,0.0074072265625
"51.53518,-0.25448_307",0.28588134765625,0.06471923828125,0.1734375,0.00613525390625,0.03037353515625,NA,NA,NA,0.1100830078125,NA,0.2752587890625,NA,NA,0.049326171875,NA,NA,NA,NA,NA,0.00478515625
"51.53510,-0.25426_217",0.28837890625,0.0933056640625,NA,NA,0.079482421875,NA,NA,NA,0.3485595703125,0.0035205078125,0.164853515625,NA,NA,NA,NA,NA,NA,NA,NA,0.0218994140625
"51.53510,-0.25426_127",0.29677978515625,0.0660888671875,0.0994873046875,0.02037353515625,0.030302734375,NA,NA,NA,0.33327880859375,NA,NA,0.00503662109375,NA,0.040771484375,NA,NA,NA,NA,NA,0.107880859375
"51.53510,-0.25426_37",0.20568359375,0.0166650390625,0.22310302734375,0.03916748046875,NA,0.01640380859375,NA,NA,NA,NA,0.3111669921875,NA,NA,0.171455078125,NA,NA,NA,NA,NA,0.01635498046875
"51.53510,-0.25426_307",0.2721630859375,0.05670654296875,0.14397216796875,0.01072509765625,0.033212890625,0.01289306640625,NA,NA,NA,NA,0.336484375,NA,NA,0.06818359375,NA,NA,NA,NA,NA,0.0656591796875
"51.53503,-0.25405_217",0.2815478515625,0.09630859375,0.0148193359375,NA,0.09028564453125,NA,NA,NA,0.3017578125,NA,NA,NA,NA,0.00507080078125,NA,NA,NA,NA,NA,0.2102099609375
"51.53503,-0.25405_127",0.27606689453125,0.0681201171875,0.0811474609375,0.0108349609375,0.04557373046875,0.0069287109375,NA,NA,0.289248046875,NA,0.15418212890625,NA,NA,0.0574609375,NA,NA,NA,NA,NA,0.01043701171875
"51.53503,-0.25405_37",0.20151123046875,0.0316162109375,0.24361328125,0.01640625,NA,NA,NA,NA,NA,NA,0.32994140625,NA,NA,0.161044921875,NA,NA,NA,NA,NA,0.01586669921875
"51.53503,-0.25405_307",0.30261962890625,0.06425537109375,0.14938232421875,NA,0.0320556640625,NA,NA,NA,NA,NA,0.33679931640625,NA,NA,0.03799072265625,NA,NA,NA,NA,NA,0.07689697265625
"51.53723,-0.25578_72",0.318701171875,0.09363525390625,0.133115234375,0.0047607421875,0.030048828125,0.007666015625,NA,NA,0.16388671875,NA,0.2386572265625,NA,NA,0.0038720703125,NA,NA,NA,NA,NA,0.00565673828125
"51.53723,-0.25578_342",0.148388671875,0.21042236328125,0.29928466796875,0.04727294921875,NA,NA,NA,0.0009375,NA,NA,0.28372802734375,NA,NA,NA,NA,NA,NA,NA,NA,0.0099658203125
"51.53723,-0.25578_252",0.2676513671875,0.10721435546875,0.18265869140625,0.00922607421875,NA,0.02072265625,NA,NA,0.14169677734375,NA,0.2624267578125,NA,NA,0.00103515625,NA,NA,NA,NA,NA,0.0073681640625
"51.53723,-0.25578_162",0.3616259765625,0.05380859375,0.03002685546875,0.033193359375,0.0231298828125,NA,NA,NA,0.24268798828125,NA,NA,NA,NA,0.0039111328125,NA,NA,NA,NA,NA,0.2516162109375
"51.53503,-0.25146_14",0.27881591796875,0.0494189453125,0.2350830078125,0.00992919921875,NA,NA,NA,NA,NA,0.00502685546875,0.3222900390625,NA,NA,0.06832275390625,NA,NA,NA,NA,NA,0.03111328125
"51.53503,-0.25146_194",0.2408056640625,0.0713525390625,0.2129150390625,0.02107666015625,NA,NA,NA,NA,NA,NA,0.34289306640625,NA,NA,0.0872900390625,NA,NA,NA,NA,NA,0.0236669921875
"51.53503,-0.25146_104",0.303818359375,0.06294677734375,0.218349609375,0.00188720703125,NA,NA,NA,NA,NA,0.0029931640625,0.35294189453125,NA,NA,0.0352685546875,NA,NA,NA,NA,NA,0.02179443359375
"51.53503,-0.25146_284",0.27467041015625,0.04948974609375,0.20422119140625,0.01109130859375,NA,NA,NA,NA,NA,0.00986328125,0.34277099609375,NA,0.00120361328125,0.0777001953125,NA,NA,NA,NA,0.0007373046875,0.028251953125
"51.53487,-0.24829_168",0.3231005859375,0.0654296875,0.1489892578125,0.0027001953125,NA,NA,NA,NA,NA,NA,0.330498046875,0.001484375,NA,0.03897705078125,NA,NA,NA,NA,NA,0.08882080078125
"51.53487,-0.24829_78",0.354326171875,0.0397314453125,0.04485107421875,0.023193359375,0.03311279296875,NA,NA,NA,NA,NA,0.3457666015625,0.00193603515625,NA,0.037099609375,NA,NA,NA,NA,NA,0.11998291015625
"51.53487,-0.24829_348",0.3519677734375,0.03337646484375,0.11937255859375,0.01705322265625,NA,NA,NA,NA,NA,0.00198974609375,0.371171875,NA,NA,0.0507421875,NA,NA,NA,NA,NA,0.054326171875
"51.53487,-0.24829_258",0.2422802734375,0.05021240234375,0.216455078125,0.02272705078125,NA,NA,NA,0.0014697265625,NA,NA,0.31756103515625,NA,NA,0.12735107421875,NA,NA,NA,NA,NA,0.021943359375
"51.53470,-0.24816_258",0.120107421875,0.27841796875,0.2204443359375,0.02704345703125,NA,0.00746337890625,NA,0.0015966796875,NA,NA,0.3247607421875,NA,NA,0.00758544921875,NA,NA,NA,NA,NA,0.01258056640625
"51.53470,-0.24816_168",0.2727783203125,0.1505615234375,0.1460205078125,0.02651611328125,NA,NA,NA,NA,0.03182861328125,NA,0.36185302734375,0.00067138671875,NA,0.0033935546875,NA,NA,NA,NA,NA,0.006376953125
"51.53470,-0.24816_78",0.38273193359375,0.03636962890625,0.0510595703125,0.013681640625,NA,NA,NA,0.00177490234375,0.16631103515625,NA,0.3286572265625,0.00349365234375,0.00125,0.00380615234375,NA,NA,NA,NA,0.00212890625,0.0087353515625
"51.53470,-0.24816_348",0.40345703125,0.02288330078125,0.1047705078125,0.005458984375,NA,0.0066357421875,NA,NA,0.110673828125,NA,0.3278173828125,0.00206787109375,NA,0.005576171875,NA,NA,NA,NA,NA,0.0106591796875
"51.53438,-0.24792_234",0.12864990234375,0.284931640625,0.1475634765625,0.003984375,NA,NA,NA,NA,NA,NA,0.3356103515625,0.0026708984375,NA,0.004306640625,NA,NA,NA,NA,NA,0.09228271484375
"51.53438,-0.24792_144",0.3909521484375,NA,0.05515869140625,0.01373046875,0.00707763671875,NA,NA,NA,0.15636962890625,NA,NA,NA,NA,0.00098876953125,NA,NA,NA,NA,NA,0.37572265625
"51.53438,-0.24792_54",0.3390283203125,0.0279248046875,0.0204345703125,0.0197998046875,0.015146484375,NA,NA,NA,0.20490234375,NA,0.269580078125,NA,NA,NA,0.097744140625,NA,NA,NA,NA,0.005439453125
"51.53438,-0.24792_324",0.36499267578125,NA,NA,0.00359619140625,NA,0.00782958984375,NA,NA,0.0806884765625,NA,0.34914794921875,NA,NA,0.0019921875,0.10468017578125,NA,NA,NA,NA,0.08707275390625
"51.53423,-0.24782_234",0.1023291015625,0.278408203125,0.07687255859375,0.02781494140625,0.01174072265625,NA,NA,NA,0.2762841796875,0.0027978515625,NA,NA,NA,NA,NA,NA,NA,NA,NA,0.22375244140625
"51.53423,-0.24782_144",0.30505126953125,0.08217041015625,0.07023681640625,0.00539794921875,0.02546875,NA,NA,NA,NA,NA,0.3708740234375,NA,NA,0.04105224609375,NA,NA,NA,NA,NA,0.09974853515625
"51.53423,-0.24782_54",0.373916015625,0.016650390625,0.0432568359375,0.0226025390625,NA,NA,NA,NA,NA,NA,0.3643505859375,NA,NA,0.05745849609375,NA,NA,NA,NA,NA,0.12176513671875
"51.53423,-0.24782_324",0.283212890625,0.1376611328125,0.024365234375,0.00846435546875,NA,NA,NA,NA,0.33194580078125,NA,0.202392578125,NA,NA,NA,NA,NA,NA,NA,NA,0.0119580078125
"51.53633,-0.24995_233",0.29599365234375,0.08308349609375,0.180390625,0.01190185546875,0.0126171875,0.0058056640625,NA,NA,NA,NA,0.26436767578125,NA,NA,0.04560302734375,NA,NA,NA,NA,NA,0.10023681640625
"51.53633,-0.24995_143",0.312451171875,0.06890380859375,0.10416748046875,0.01949951171875,0.035361328125,NA,NA,NA,0.26581787109375,NA,0.16606689453125,NA,NA,0.021630859375,NA,NA,NA,NA,NA,0.00610107421875
"51.53633,-0.24995_53",0.332587890625,0.08192626953125,0.0971875,0.02128662109375,0.01909912109375,NA,NA,NA,NA,NA,0.3062060546875,NA,NA,0.00907958984375,NA,NA,NA,NA,NA,0.132626953125
"51.53633,-0.24995_323",0.34041748046875,0.07651611328125,0.14287841796875,0.02393310546875,0.0084423828125,0.0087255859375,NA,NA,NA,0.00320556640625,0.33927001953125,NA,NA,0.012548828125,NA,NA,NA,NA,NA,0.0440625
"51.53614,-0.24987_233",0.19306640625,0.0243798828125,0.221015625,0.0226611328125,NA,NA,NA,NA,0.32869873046875,NA,NA,NA,NA,0.17664794921875,NA,NA,NA,0.00431640625,NA,0.0292138671875
"51.53614,-0.24987_143",0.22738037109375,0.01535888671875,NA,0.03793701171875,NA,NA,NA,NA,0.28981689453125,NA,NA,NA,NA,0.1565234375,NA,NA,NA,0.00232177734375,NA,0.27066162109375
"51.53614,-0.24987_53",0.1919189453125,0.04189208984375,0.105146484375,0.05056640625,NA,NA,NA,NA,0.13274169921875,NA,0.30478515625,0.00372802734375,NA,0.155361328125,NA,NA,NA,NA,NA,0.01385986328125
"51.53614,-0.24987_323",0.2643505859375,0.0363232421875,0.20187255859375,0.00880615234375,0.00758544921875,NA,NA,NA,NA,0.0034765625,0.2802294921875,NA,NA,0.12219970703125,NA,NA,NA,NA,NA,0.07515625
"51.53595,-0.24979_233",0.21947998046875,0.02879638671875,NA,0.02965576171875,NA,NA,NA,NA,0.46082275390625,NA,NA,NA,NA,0.1611962890625,NA,NA,NA,NA,NA,0.100048828125
"51.53595,-0.24979_143",0.35960205078125,0.04037109375,0.10806396484375,0.03307373046875,NA,NA,NA,NA,0.338359375,NA,NA,NA,NA,0.02321044921875,NA,0.00529052734375,NA,NA,NA,0.09202880859375
"51.53595,-0.24979_53",0.35588623046875,0.0421533203125,0.0893212890625,0.03258544921875,NA,NA,NA,NA,0.2905126953125,NA,0.14198974609375,NA,NA,0.04365234375,NA,NA,NA,NA,NA,0.00389892578125
"51.53595,-0.24979_323",0.268193359375,0.02834716796875,0.0471728515625,0.016435546875,NA,NA,NA,NA,0.4608544921875,NA,NA,NA,NA,0.152177734375,NA,NA,NA,NA,NA,0.02681884765625
"51.53637,-0.25452_144",0.24383544921875,0.124697265625,0.228671875,0.047685546875,NA,0.01259765625,NA,NA,NA,NA,0.2838623046875,NA,NA,NA,NA,NA,NA,NA,NA,0.05864990234375
"51.53637,-0.25452_54",0.30668212890625,0.09047119140625,0.0747705078125,0.059384765625,NA,NA,NA,NA,0.17564453125,NA,0.2789892578125,NA,NA,0.0019921875,NA,NA,NA,NA,NA,0.0120654296875
"51.53637,-0.25452_324",0.2914892578125,0.04063232421875,0.1056884765625,0.0508642578125,NA,0.008349609375,NA,NA,NA,NA,0.34406005859375,NA,NA,0.07378662109375,NA,NA,NA,NA,NA,0.08512939453125
"51.53637,-0.25452_234",0.2826220703125,0.05232666015625,0.22768310546875,0.001708984375,NA,0.01737548828125,NA,NA,NA,NA,0.33767822265625,NA,NA,0.0616650390625,NA,NA,NA,NA,NA,0.0189404296875
"51.53529,-0.24837_348",0.2842529296875,0.11978271484375,0.079755859375,0.0373974609375,0.0198681640625,NA,NA,NA,NA,NA,0.38156494140625,NA,NA,0.0248681640625,NA,NA,NA,NA,NA,0.052509765625
"51.53529,-0.24837_168",0.3636669921875,0.04579833984375,0.072646484375,NA,0.0177490234375,0.00735107421875,NA,NA,NA,0.01366455078125,0.30254638671875,NA,NA,0.01976318359375,NA,NA,NA,NA,NA,0.15681396484375
"51.53529,-0.24837_258",0.19982666015625,0.1734130859375,0.1314404296875,0.049990234375,0.0339599609375,0.00598876953125,NA,NA,NA,NA,0.360546875,NA,NA,0.0152294921875,NA,NA,NA,NA,NA,0.0296044921875
"51.53529,-0.24837_78",0.417568359375,0.02050048828125,0.0336669921875,0.00078369140625,NA,NA,NA,NA,0.184677734375,0.01806884765625,0.29673583984375,NA,NA,0.0200244140625,NA,0.0020166015625,NA,NA,NA,0.00595703125
"51.53626,-0.25475_211",0.379833984375,0.03307861328125,0.1345556640625,0.00885986328125,NA,NA,NA,NA,NA,0.00060302734375,0.30271484375,NA,NA,0.03377685546875,NA,NA,NA,NA,NA,0.1065771484375
"51.53626,-0.25475_121",0.26599853515625,0.13515869140625,0.196748046875,0.00328369140625,NA,NA,NA,0.00140380859375,0.1204296875,NA,0.26313720703125,NA,NA,0.00860595703125,NA,NA,NA,NA,NA,0.005234375
"51.53626,-0.25475_301",0.36064697265625,0.0431005859375,0.1769970703125,0.0094873046875,NA,NA,NA,NA,NA,NA,0.360126953125,NA,NA,0.00837890625,NA,NA,NA,NA,NA,0.04126220703125
"51.53626,-0.25475_31",0.30052001953125,0.07888671875,0.2537939453125,NA,0.02468505859375,NA,NA,NA,0.05515625,NA,0.2819189453125,NA,NA,0.000732421875,NA,NA,NA,NA,NA,0.004306640625
"51.53434,-0.24799_230",0.10773193359375,0.28416015625,0.163916015625,NA,NA,0.016103515625,NA,0.003310546875,0.18631591796875,NA,NA,NA,0.001669921875,NA,NA,NA,NA,NA,0.0011962890625,0.235595703125
"51.53434,-0.24799_140",0.324267578125,0.0854931640625,0.06524169921875,0.00296630859375,0.0062060546875,0.03361328125,NA,NA,0.152607421875,0.0114111328125,0.30791259765625,NA,NA,0.0051123046875,NA,NA,NA,NA,NA,0.00516845703125
"51.53434,-0.24799_50",0.3938232421875,0.043203125,0.0522607421875,0.027900390625,NA,NA,NA,0.0012744140625,0.1293115234375,0.00260498046875,0.338037109375,NA,NA,0.00116943359375,NA,NA,NA,NA,NA,0.0104150390625
"51.53434,-0.24799_320",0.276572265625,0.15218994140625,0.1325439453125,0.00479248046875,NA,NA,NA,NA,0.12222900390625,NA,0.30340576171875,0.00098388671875,NA,NA,0.0010107421875,NA,NA,NA,NA,0.00627197265625
"51.53547,-0.24790_344",0.42837158203125,0.02835693359375,0.145029296875,0.0009716796875,NA,NA,NA,0.00202880859375,NA,NA,0.33113525390625,NA,NA,0.00034423828125,NA,0.00224853515625,NA,NA,0.00122802734375,0.06028564453125
"51.53547,-0.24790_254",0.402978515625,0.040439453125,0.07782958984375,0.00494873046875,NA,0.020322265625,NA,NA,0.12892333984375,NA,0.31056396484375,NA,NA,NA,NA,0.00462158203125,NA,NA,NA,0.00937255859375
"51.53547,-0.24790_164",0.29739990234375,0.09787109375,0.303359375,NA,NA,0.0132958984375,NA,NA,0.0813037109375,0.0056005859375,0.1951806640625,NA,NA,NA,NA,NA,NA,NA,NA,0.00598876953125
"51.53547,-0.24790_74",0.3650244140625,0.05521728515625,0.28122314453125,NA,NA,0.006689453125,0.0100390625,NA,NA,NA,0.2779833984375,NA,NA,0.00184326171875,NA,NA,NA,NA,NA,0.00197998046875
"51.53593,-0.25416_209",0.25426513671875,0.06465576171875,0.225390625,0.04975341796875,NA,0.0076416015625,NA,NA,NA,NA,0.31623779296875,NA,NA,0.06969482421875,NA,NA,NA,NA,NA,0.01236083984375
"51.53593,-0.25416_119",0.2728271484375,0.04583251953125,0.21921142578125,0.00339599609375,NA,NA,NA,NA,NA,0.014228515625,0.34760498046875,NA,NA,0.082578125,NA,NA,NA,NA,NA,0.0143212890625
"51.53593,-0.25416_29",0.271630859375,0.078681640625,0.20576904296875,0.042763671875,NA,NA,NA,NA,NA,NA,0.20145751953125,NA,NA,0.03322265625,NA,NA,NA,NA,NA,0.166474609375
"51.53593,-0.25416_299",0.3052978515625,0.06632568359375,0.2238330078125,0.00423095703125,NA,NA,NA,NA,NA,NA,0.3354638671875,NA,NA,0.0241748046875,NA,NA,NA,NA,NA,0.040673828125
"51.53384,-0.24755_226",0.14462646484375,0.1938720703125,0.48739013671875,NA,NA,NA,NA,0.00177734375,NA,NA,0.1552392578125,0.0166015625,NA,NA,NA,NA,NA,NA,NA,0.0004931640625
"51.53384,-0.24755_136",0.34298095703125,0.0683251953125,0.292578125,NA,0.01136474609375,NA,NA,NA,0.02409912109375,NA,0.24251220703125,NA,NA,0.016064453125,NA,NA,NA,NA,NA,0.0020751953125
"51.53384,-0.24755_46",0.398359375,0.01460205078125,0.2100830078125,NA,NA,NA,NA,NA,NA,NA,0.29446533203125,NA,NA,0.042744140625,NA,NA,NA,0.00264404296875,0.00195068359375,0.0351513671875
"51.53384,-0.24755_316",0.2654931640625,0.11077392578125,0.3077978515625,0.00099853515625,NA,NA,NA,0.0037744140625,0.03443115234375,NA,0.255087890625,NA,NA,0.0173974609375,NA,0.0009912109375,NA,NA,NA,0.00325439453125
"51.53370,-0.24741_226",0.16525390625,0.2047119140625,0.3027392578125,0.00453125,NA,NA,NA,0.00132568359375,0.10090087890625,NA,0.21890625,NA,NA,NA,NA,NA,NA,NA,NA,0.001630859375
"51.53370,-0.24741_136",0.31687744140625,0.08888916015625,0.134619140625,0.00042724609375,NA,NA,NA,NA,0.11517578125,0.00195556640625,0.30913818359375,NA,NA,0.0192431640625,NA,NA,NA,NA,NA,0.01367431640625
"51.53370,-0.24741_46",0.38602783203125,0.0061279296875,0.1889453125,NA,NA,NA,NA,NA,NA,0.00125244140625,0.29877197265625,0.0006982421875,NA,0.06529541015625,NA,NA,NA,NA,NA,0.052880859375
"51.53370,-0.24741_316",0.30215576171875,0.08256591796875,0.29427734375,NA,NA,NA,NA,0.001064453125,0.02419921875,NA,0.25794677734375,NA,NA,0.03541015625,NA,NA,NA,NA,NA,0.00238037109375
"51.53563,-0.25352_203",0.15297607421875,NA,0.02202392578125,NA,NA,NA,NA,NA,0.0159765625,NA,0.2738671875,NA,NA,0.02821533203125,0.5046044921875,NA,NA,NA,NA,0.00233642578125
"51.53563,-0.25352_113",0.3651416015625,0.0070849609375,0.1141064453125,NA,NA,NA,NA,NA,NA,NA,0.350712890625,NA,NA,0.11421630859375,NA,NA,NA,NA,NA,0.04873779296875
"51.53563,-0.25352_23",0.1329931640625,0.0321826171875,0.11284423828125,0.0547216796875,NA,NA,NA,NA,NA,NA,0.379482421875,NA,NA,0.222646484375,NA,NA,NA,NA,NA,0.06512939453125
"51.53563,-0.25352_293",0.35641357421875,NA,NA,NA,NA,NA,NA,NA,0.05837646484375,0.01076171875,0.38362548828125,NA,NA,0.09346923828125,NA,NA,NA,NA,NA,0.097353515625
"51.53554,-0.25326_203",0.22357177734375,0.01141845703125,0.18181396484375,0.02043212890625,NA,NA,NA,NA,NA,NA,0.33568359375,NA,NA,0.16338623046875,NA,NA,NA,NA,NA,0.06369384765625
"51.53554,-0.25326_113",0.29652099609375,0.06365478515625,0.1250341796875,NA,NA,NA,NA,NA,NA,0.04486328125,0.36767578125,NA,NA,0.044794921875,NA,NA,NA,NA,NA,0.0574560546875
"51.53554,-0.25326_23",0.27411865234375,0.10052978515625,0.2364208984375,NA,NA,0.01247314453125,NA,0.0016064453125,NA,0.0118212890625,0.3345068359375,NA,NA,NA,NA,NA,NA,NA,NA,0.02852294921875
"51.53554,-0.25326_293",0.3288427734375,0.01332763671875,0.07100341796875,0.01681884765625,NA,NA,NA,NA,NA,NA,0.36337158203125,NA,NA,0.06080810546875,NA,NA,NA,NA,NA,0.14582763671875
"51.53531,-0.25249_194",0.2575634765625,0.046142578125,0.2373779296875,NA,NA,NA,NA,NA,NA,0.01728271484375,0.3352490234375,NA,NA,0.0837841796875,NA,NA,NA,NA,NA,0.02260009765625
"51.53531,-0.25249_104",0.276103515625,0.052021484375,0.16018310546875,0.00291015625,NA,NA,NA,NA,0.22169677734375,0.0057275390625,NA,NA,NA,0.0701416015625,NA,NA,NA,NA,NA,0.2112158203125
"51.53531,-0.25249_14",0.310615234375,NA,0.1355517578125,0.01401611328125,0.00833740234375,NA,NA,NA,0.35439208984375,NA,0.07880615234375,NA,NA,0.0551611328125,NA,NA,NA,NA,NA,0.0431201171875
"51.53531,-0.25249_284",0.3148779296875,0.06659423828125,0.1744384765625,0.0068701171875,NA,NA,NA,NA,0.11402587890625,NA,0.279404296875,NA,NA,0.03326904296875,NA,NA,NA,NA,NA,0.01052001953125
"51.53524,-0.25224_194",0.26989013671875,0.0556884765625,0.1805078125,0.02870361328125,NA,0.00508056640625,NA,NA,NA,0.00148681640625,0.339501953125,NA,NA,0.061923828125,NA,NA,NA,NA,0.0007666015625,0.0564501953125
"51.53524,-0.25224_104",0.28758544921875,0.05128662109375,0.20763671875,0.00197265625,NA,NA,NA,NA,0.04657958984375,0.00352294921875,0.3148193359375,0.0008642578125,NA,0.00797607421875,NA,NA,NA,NA,0.0642822265625,0.01347412109375
"51.53524,-0.25224_14",0.28999267578125,0.0953466796875,0.0657861328125,NA,0.01781005859375,NA,NA,NA,0.3864208984375,NA,0.11248291015625,NA,NA,0.00529296875,NA,NA,NA,NA,0.01606201171875,0.0108056640625
"51.53524,-0.25224_284",0.31981689453125,0.05547119140625,0.12412353515625,0.0021337890625,NA,NA,NA,NA,0.24581298828125,0.0041552734375,NA,NA,NA,0.00755859375,NA,NA,NA,NA,NA,0.240927734375
"51.53517,-0.25198_194",0.26884033203125,0.05917236328125,0.15309814453125,0.04574951171875,NA,NA,NA,NA,NA,NA,0.25721435546875,NA,NA,0.06003173828125,NA,NA,NA,NA,NA,0.1558935546875
"51.53517,-0.25198_104",0.2353564453125,0.02490966796875,0.20777587890625,0.0021728515625,0.00749267578125,NA,NA,NA,0.1224658203125,NA,0.2525341796875,NA,NA,0.1444970703125,NA,NA,NA,NA,NA,0.00279541015625
"51.53517,-0.25198_14",0.16255126953125,0.05052001953125,0.2007763671875,0.0153564453125,0.01249755859375,NA,NA,NA,NA,NA,0.28583984375,0.00164306640625,NA,0.17145263671875,NA,NA,NA,NA,NA,0.09936279296875
"51.53517,-0.25198_284",0.271201171875,0.05923828125,0.14014892578125,0.0326513671875,NA,NA,NA,NA,NA,0.006572265625,0.33477294921875,0.00086669921875,NA,0.03603271484375,NA,NA,NA,NA,NA,0.118515625
"51.53510,-0.25172_194",0.23370849609375,0.00605712890625,0.21262939453125,NA,NA,NA,NA,NA,NA,0.0028759765625,0.3444384765625,NA,NA,0.196796875,NA,NA,NA,NA,NA,0.00349365234375
"51.53510,-0.25172_104",0.24886962890625,0.0091796875,0.22927734375,NA,NA,NA,NA,NA,NA,0.0017333984375,0.346533203125,NA,NA,0.15017822265625,NA,NA,NA,NA,NA,0.014228515625
"51.53510,-0.25172_14",0.16572265625,0.00942138671875,0.2546923828125,0.0149951171875,NA,0.01012939453125,NA,NA,NA,NA,0.2984912109375,NA,NA,0.19788330078125,NA,NA,NA,NA,NA,0.04866455078125
"51.53510,-0.25172_284",0.22300048828125,NA,0.1638525390625,0.00932373046875,0.00780029296875,NA,NA,NA,NA,0.00493896484375,0.333408203125,NA,NA,0.2191259765625,NA,NA,NA,NA,0.00159423828125,0.03695556640625
"51.53573,-0.25377_293",0.31521484375,0.071337890625,0.14098876953125,0.0260986328125,NA,NA,NA,0.0011376953125,0.1854833984375,NA,0.2505224609375,NA,NA,0.00510498046875,NA,NA,NA,NA,NA,0.004111328125
"51.53573,-0.25377_23",0.27188720703125,0.0921337890625,0.11081787109375,0.0335009765625,0.0224609375,0.0119140625,NA,NA,NA,NA,0.37351806640625,NA,NA,0.017109375,NA,NA,NA,NA,NA,0.06665771484375
"51.53573,-0.25377_113",0.27251220703125,0.0446435546875,0.11370361328125,0.02684326171875,NA,NA,NA,NA,NA,NA,0.38826904296875,NA,NA,0.08939208984375,0.004033203125,NA,NA,NA,NA,0.06060302734375
"51.53573,-0.25377_203",0.2783447265625,0.054990234375,0.14897705078125,0.0348681640625,NA,0.00935791015625,NA,NA,NA,NA,0.2363916015625,NA,NA,0.05421875,NA,NA,NA,NA,NA,0.1828515625
"51.53651,-0.25433_144",0.21095947265625,0.06394775390625,0.2729833984375,NA,NA,NA,NA,NA,NA,NA,0.3106201171875,0.0038818359375,NA,0.10728759765625,NA,NA,NA,NA,NA,0.03031982421875
"51.53651,-0.25433_54",0.27348388671875,0.05978271484375,0.25649169921875,NA,NA,NA,NA,NA,NA,NA,0.3007373046875,NA,NA,0.06944091796875,NA,NA,NA,NA,NA,0.0400634765625
"51.53651,-0.25433_324",0.2171435546875,0.0342333984375,0.23772216796875,NA,NA,NA,NA,NA,NA,NA,0.30566162109375,NA,NA,0.1491064453125,NA,NA,NA,NA,NA,0.0561328125
"51.53651,-0.25433_234",0.24581787109375,0.0394091796875,0.190458984375,0.0120703125,0.00703857421875,NA,NA,NA,NA,NA,0.34807373046875,NA,NA,0.11565673828125,NA,NA,NA,NA,NA,0.041474609375
"51.53664,-0.25414_144",0.29718017578125,0.0573193359375,0.167705078125,0.0359228515625,NA,NA,NA,NA,NA,NA,0.3498681640625,0.00140380859375,NA,0.035673828125,NA,NA,NA,NA,NA,0.0549267578125
"51.53664,-0.25414_54",0.30424560546875,0.06512451171875,0.07745361328125,0.0945654296875,0.024560546875,NA,NA,0.00023681640625,NA,NA,0.34630859375,NA,NA,NA,NA,NA,NA,NA,NA,0.0875048828125
"51.53664,-0.25414_324",0.25894775390625,0.0953515625,0.17472412109375,0.06619140625,NA,NA,NA,0.00132568359375,0.13160400390625,NA,0.25120849609375,NA,NA,NA,NA,NA,NA,NA,NA,0.02064697265625
"51.53664,-0.25414_234",0.28534423828125,0.06132568359375,0.16974365234375,0.003388671875,NA,NA,NA,NA,0.14703369140625,NA,0.2763525390625,NA,NA,0.04696044921875,NA,NA,NA,0.00144775390625,NA,0.0084033203125
"51.53634,-0.25497_31",0.2782861328125,0.03504638671875,0.162265625,0.02396240234375,0.01235595703125,0.01081787109375,NA,NA,NA,0.00142578125,0.26218994140625,0.00124267578125,NA,0.072509765625,NA,NA,NA,NA,NA,0.1398974609375
"51.53634,-0.25497_301",0.27658447265625,0.06246337890625,0.18439208984375,0.00779052734375,NA,NA,NA,NA,0.11584228515625,NA,0.28044921875,0.001533203125,NA,0.0604833984375,NA,NA,NA,NA,NA,0.01046142578125
"51.53634,-0.25497_211",0.27312255859375,0.10362060546875,0.205771484375,0.04766845703125,NA,0.013583984375,NA,NA,NA,NA,0.30913818359375,NA,NA,NA,NA,NA,NA,NA,NA,0.0470947265625
"51.53634,-0.25497_121",0.31552978515625,0.0592919921875,0.15335693359375,0.02885009765625,0.00851806640625,0.02449462890625,NA,NA,NA,NA,0.34390380859375,NA,NA,0.02223388671875,NA,NA,NA,NA,NA,0.04382080078125
"51.53648,-0.25520_31",0.27896728515625,0.06431640625,0.19697265625,0.04014404296875,NA,NA,NA,0.0048876953125,NA,NA,0.3204541015625,0.00658203125,NA,0.04389404296875,NA,NA,NA,NA,NA,0.04378173828125
"51.53648,-0.25520_301",0.27085693359375,0.04328125,0.23330322265625,NA,NA,NA,NA,NA,NA,NA,0.3313525390625,NA,NA,0.09393798828125,NA,NA,NA,NA,NA,0.02726806640625
"51.53648,-0.25520_121",0.264619140625,0.02711669921875,0.17226806640625,0.037236328125,NA,NA,NA,NA,NA,NA,0.31630615234375,0.00166259765625,NA,0.11321533203125,NA,NA,NA,NA,NA,0.06757568359375
"51.53648,-0.25520_211",0.177587890625,0.03503173828125,0.23297119140625,0.0297607421875,NA,NA,NA,NA,NA,NA,0.31699462890625,NA,NA,0.179677734375,NA,NA,NA,NA,NA,0.02797607421875
"51.53607,-0.25451_203",0.30088623046875,0.083974609375,0.2251220703125,0.03852783203125,NA,NA,NA,NA,NA,NA,0.31642822265625,NA,NA,0.00203369140625,NA,NA,NA,NA,0.00228271484375,0.03074462890625
"51.53607,-0.25451_113",0.29746337890625,0.04119384765625,0.2016015625,0.01763916015625,NA,0.00883544921875,NA,NA,NA,NA,0.3407177734375,0.00093994140625,NA,0.06140380859375,NA,NA,NA,NA,0.0028759765625,0.0273291015625
"51.53607,-0.25451_23",0.2047412109375,0.02424072265625,0.2290234375,0.00240478515625,NA,0.00631103515625,NA,NA,NA,NA,0.33170654296875,NA,NA,0.1678662109375,NA,NA,NA,NA,NA,0.0337060546875
"51.53607,-0.25451_293",0.29459716796875,0.04827880859375,0.21170166015625,0.004140625,NA,NA,NA,NA,NA,NA,0.35349365234375,NA,NA,0.06704833984375,NA,NA,NA,NA,NA,0.02073974609375
"51.53594,-0.25428_203",0.256591796875,0.068212890625,0.16772216796875,0.04569091796875,NA,NA,NA,NA,0.23665283203125,NA,0.160498046875,NA,NA,0.060439453125,NA,NA,NA,NA,NA,0.00419189453125
"51.53594,-0.25428_113",0.2867041015625,0.042021484375,0.22413818359375,0.0206884765625,NA,NA,NA,NA,NA,NA,0.34798828125,NA,NA,0.0719775390625,NA,NA,NA,NA,NA,0.00648193359375
"51.53594,-0.25428_23",0.27372802734375,0.0663427734375,0.22029296875,0.01235107421875,NA,0.0072021484375,NA,NA,NA,NA,0.34827392578125,NA,NA,0.05490234375,NA,NA,NA,NA,NA,0.01690673828125
"51.53594,-0.25428_293",0.31744140625,0.0608154296875,0.125595703125,0.0214306640625,NA,0.00562255859375,NA,NA,0.24007568359375,0.001796875,0.20439453125,NA,NA,0.01386962890625,NA,NA,NA,NA,NA,0.00895751953125
"51.53583,-0.25403_203",0.24089111328125,0.03156982421875,0.25056884765625,0.01480224609375,NA,NA,NA,NA,NA,NA,0.3237939453125,NA,NA,0.0906103515625,NA,NA,NA,0.02370849609375,0.01324951171875,0.0108056640625
"51.53583,-0.25403_113",0.2614208984375,0.03963134765625,0.19822021484375,0.00049560546875,NA,NA,NA,NA,NA,0.0105810546875,0.34835693359375,NA,NA,0.093076171875,NA,NA,NA,0.01260009765625,NA,0.03561767578125
"51.53583,-0.25403_23",0.18922607421875,0.03795166015625,0.21760498046875,0.0202978515625,0.007568359375,NA,NA,NA,NA,0.00855224609375,0.31583984375,NA,NA,0.164560546875,NA,NA,NA,NA,NA,0.0383984375
"51.53583,-0.25403_293",0.24922607421875,0.029462890625,0.225625,0.016064453125,NA,NA,NA,NA,NA,NA,0.346708984375,NA,NA,0.0672509765625,NA,NA,NA,0.0516455078125,NA,0.01401611328125
"51.53416,-0.25086_192",0.28008056640625,0.10509521484375,0.23976318359375,0.0191357421875,NA,0.0060986328125,NA,NA,NA,0.01118408203125,0.3322119140625,NA,NA,NA,NA,NA,NA,NA,NA,0.0064306640625
"51.53416,-0.25086_102",0.27220458984375,0.0600439453125,0.19058349609375,0.01268310546875,0.01320556640625,0.0151025390625,NA,NA,NA,NA,0.33150390625,NA,NA,0.07087646484375,NA,NA,NA,NA,NA,0.03379638671875
"51.53416,-0.25086_12",0.19213134765625,0.009697265625,0.24949951171875,0.02577392578125,NA,0.0141015625,NA,NA,NA,NA,0.315068359375,NA,NA,0.19138427734375,NA,NA,NA,NA,NA,0.00234375
"51.53416,-0.25086_282",0.2696484375,0.05240966796875,0.237314453125,NA,NA,NA,NA,NA,NA,NA,0.33405029296875,NA,NA,0.08110107421875,NA,NA,NA,NA,NA,0.02547607421875
"51.53425,-0.25140_102",0.29529296875,0.06021240234375,0.20787353515625,0.02731689453125,NA,NA,NA,NA,NA,NA,0.33285888671875,NA,NA,0.042099609375,NA,NA,NA,NA,NA,0.034345703125
"51.53425,-0.25140_12",0.27764404296875,0.097373046875,0.207783203125,NA,NA,NA,NA,NA,0.13846435546875,0.01954833984375,NA,NA,NA,NA,NA,NA,NA,NA,NA,0.25918701171875
"51.53425,-0.25140_282",0.2920068359375,0.06641357421875,0.18103271484375,NA,NA,NA,NA,NA,0.14087890625,0.0005078125,0.27195556640625,NA,NA,0.03986083984375,NA,NA,NA,NA,NA,0.00734375
"51.53425,-0.25140_192",0.2208447265625,0.04456787109375,0.26062744140625,0.0182275390625,NA,NA,NA,NA,NA,0.00814697265625,0.3150537109375,NA,NA,0.12653076171875,NA,NA,NA,NA,NA,0.0060009765625
"51.53611,-0.25192_11",0.36234619140625,0.052041015625,0.02572998046875,0.00437744140625,0.071005859375,NA,NA,NA,0.37366943359375,NA,0.10388427734375,NA,NA,NA,NA,NA,NA,NA,NA,0.00694580078125
"51.53611,-0.25192_281",0.32281494140625,0.0684228515625,0.07051025390625,0.0318505859375,0.0203515625,NA,NA,NA,0.2846728515625,0.00067138671875,NA,NA,NA,0.002275390625,NA,NA,NA,NA,NA,0.19843017578125
"51.53611,-0.25192_191",0.118037109375,0.2447021484375,0.11314453125,0.02683349609375,0.00895263671875,NA,NA,NA,NA,0.01801025390625,0.3579736328125,NA,NA,0.01949462890625,NA,NA,NA,NA,NA,0.0928515625
"51.53611,-0.25192_101",0.38266845703125,0.0280419921875,0.06884033203125,0.0055810546875,0.0368310546875,NA,NA,NA,0.2601611328125,0.0189306640625,NA,NA,NA,0.007412109375,NA,NA,NA,NA,NA,0.191533203125
"51.53616,-0.25220_11",0.3548095703125,0.05698486328125,0.0213623046875,NA,0.0629443359375,NA,NA,NA,0.50070556640625,NA,0.001611328125,NA,NA,NA,NA,NA,NA,NA,NA,0.00158203125
"51.53616,-0.25220_281",0.27300537109375,0.11124755859375,0.02133544921875,0.0532958984375,NA,0.01243896484375,NA,NA,0.506494140625,0.00037109375,NA,NA,NA,0.0019970703125,NA,NA,NA,NA,NA,0.019814453125
"51.53616,-0.25220_191",0.1499169921875,0.2275244140625,0.056318359375,0.03302978515625,0.01239501953125,0.00723388671875,NA,NA,0.279638671875,NA,0.215087890625,NA,NA,0.01016845703125,NA,NA,NA,NA,NA,0.0086865234375
"51.53616,-0.25220_101",0.33442138671875,NA,0.02064453125,0.018076171875,0.0351806640625,NA,NA,NA,0.3554248046875,NA,0.13800048828125,NA,NA,0.00428466796875,NA,NA,NA,NA,NA,0.09396728515625
"51.53621,-0.25248_11",0.3631201171875,0.05455078125,0.1662646484375,0.018642578125,NA,NA,NA,0.00160400390625,0.262109375,NA,0.12260986328125,NA,0.001083984375,NA,NA,NA,NA,0.00260009765625,NA,0.00741455078125
"51.53621,-0.25248_281",0.2678564453125,0.109638671875,0.12134765625,0.078525390625,NA,NA,NA,NA,0.1469775390625,0.001455078125,0.2653955078125,NA,0.0006640625,NA,NA,NA,NA,NA,NA,0.0081396484375
"51.53621,-0.25248_191",0.11705322265625,0.2399951171875,0.09804931640625,0.09438232421875,NA,0.006875,NA,0.0015625,NA,0.00301025390625,0.3527978515625,0.00120361328125,NA,0.00232421875,NA,NA,NA,NA,NA,0.08274658203125
"51.53621,-0.25248_101",0.30528564453125,0.13800537109375,0.131533203125,0.00878173828125,NA,NA,NA,0.0003271484375,0.2337744140625,NA,0.17641845703125,NA,NA,0.0011328125,NA,NA,NA,NA,NA,0.0047412109375
"51.53603,-0.25165_101",0.3693212890625,0.0404345703125,0.09079345703125,0.02477783203125,0.00903564453125,NA,NA,0.001044921875,0.2195751953125,0.00673583984375,0.23297607421875,0.00096923828125,NA,0.000751953125,NA,NA,NA,NA,NA,0.003583984375
"51.53603,-0.25165_191",0.28529296875,NA,0.0597900390625,0.00435546875,0.07958984375,NA,NA,NA,0.339697265625,0.006669921875,0.1392236328125,NA,NA,0.005908203125,NA,NA,NA,NA,NA,0.07947265625
"51.53603,-0.25165_281",0.3609814453125,0.0192041015625,0.0411328125,0.00959228515625,0.06808349609375,NA,NA,NA,0.2812158203125,NA,NA,NA,NA,0.00283203125,NA,NA,NA,NA,NA,0.2169580078125
"51.53603,-0.25165_11",0.34550537109375,0.0621044921875,0.06423095703125,0.0402734375,NA,NA,NA,NA,0.3465185546875,NA,0.1355517578125,NA,NA,NA,NA,NA,NA,NA,NA,0.0058154296875
"51.53651,-0.25324_33",0.25595458984375,0.11774169921875,0.2255517578125,0.06487060546875,NA,NA,NA,0.00180419921875,0.14262451171875,NA,0.18822021484375,NA,NA,NA,NA,NA,NA,NA,NA,0.003232421875
"51.53651,-0.25324_213",0.17943115234375,0.00697509765625,0.07462158203125,0.0041845703125,NA,NA,NA,NA,0.06846923828125,NA,0.32610107421875,NA,NA,0.0010302734375,NA,0.3384912109375,NA,NA,NA,0.00069580078125
"51.53651,-0.25324_123",0.26521240234375,0.06343994140625,0.1751806640625,0.00633544921875,0.00663818359375,NA,NA,NA,0.0892822265625,NA,0.2797607421875,NA,NA,0.11050537109375,NA,NA,NA,NA,NA,0.00364501953125
"51.53651,-0.25324_303",0.244716796875,0.04153564453125,0.13099365234375,NA,0.01688232421875,NA,NA,NA,0.1438818359375,NA,0.2192236328125,NA,NA,NA,NA,NA,0.18529541015625,NA,NA,0.017470703125
"51.53664,-0.25346_33",0.31953857421875,0.07506103515625,0.18922119140625,0.04825927734375,NA,NA,NA,NA,0.14482666015625,NA,0.21414306640625,0.0018115234375,NA,0.00380859375,NA,NA,NA,NA,NA,0.003330078125
"51.53664,-0.25346_303",0.33600341796875,0.07525390625,0.23361572265625,0.01614013671875,NA,NA,NA,NA,NA,NA,0.3043994140625,0.00148193359375,NA,0.00371337890625,NA,NA,NA,NA,0.0007275390625,0.02866455078125
"51.53664,-0.25346_213",0.30594970703125,0.09603271484375,0.28603271484375,NA,0.0080224609375,NA,NA,NA,NA,NA,0.29202880859375,NA,NA,NA,NA,NA,NA,NA,NA,0.01193359375
"51.53664,-0.25346_123",0.33908203125,0.064560546875,0.1599853515625,0.05053466796875,NA,0.01036376953125,NA,NA,NA,NA,0.30968505859375,NA,NA,0.00048828125,NA,0.003583984375,NA,NA,NA,0.06171630859375
"51.53679,-0.25367_33",0.29804443359375,0.091640625,0.178974609375,0.0389208984375,NA,NA,NA,NA,0.1477783203125,0.00464111328125,0.2266650390625,NA,NA,0.00358154296875,NA,NA,NA,NA,0.0007275390625,0.00902587890625
"51.53679,-0.25367_303",0.27173095703125,0.0298193359375,0.14140380859375,0.02109375,NA,0.00693359375,NA,NA,0.16044921875,NA,0.2044970703125,NA,NA,0.15848876953125,NA,NA,NA,NA,NA,0.00558349609375
"51.53679,-0.25367_213",0.2624755859375,0.048330078125,0.219619140625,NA,NA,NA,NA,NA,0.05732666015625,NA,0.26422119140625,NA,NA,0.1441796875,NA,NA,NA,NA,NA,0.00384765625
"51.53679,-0.25367_123",0.33037109375,0.07728759765625,0.21098388671875,0.0323583984375,NA,NA,NA,NA,NA,0.00122802734375,0.2442333984375,0.001005859375,NA,0.00078369140625,NA,NA,NA,NA,0.0011279296875,0.1006201171875
"51.53693,-0.25389_33",0.33384521484375,0.06787109375,0.1287841796875,0.03674560546875,0.00679931640625,NA,NA,NA,0.2341015625,0.00257080078125,NA,NA,NA,0.00434814453125,NA,NA,NA,NA,NA,0.18493408203125
"51.53693,-0.25389_303",0.31197021484375,0.11343505859375,0.23885986328125,NA,NA,NA,NA,NA,0.0996435546875,0.002666015625,0.2216455078125,NA,NA,0.00346923828125,NA,NA,NA,NA,NA,0.008310546875
"51.53693,-0.25389_213",0.25107421875,0.146474609375,0.29157470703125,NA,NA,NA,NA,NA,0.0700537109375,NA,0.22605712890625,NA,NA,NA,NA,NA,NA,NA,0.01162353515625,0.00314208984375
"51.53693,-0.25389_123",0.32767333984375,0.0786572265625,0.2049267578125,NA,0.00509033203125,NA,NA,NA,0.1595703125,NA,NA,NA,NA,0.0075634765625,NA,NA,NA,NA,NA,0.2165185546875
"51.53515,-0.24855_346",0.35180908203125,0.06849365234375,0.11690185546875,0.01478515625,0.01767333984375,0.02366943359375,NA,NA,0.03998779296875,NA,0.34358642578125,NA,NA,0.01857177734375,NA,NA,NA,NA,NA,0.004521484375
"51.53515,-0.24855_256",0.26779541015625,0.0862841796875,0.16966552734375,0.02576171875,0.0340771484375,0.03142333984375,NA,NA,NA,NA,0.3068603515625,NA,NA,0.02844482421875,NA,NA,NA,NA,NA,0.0496875
"51.53515,-0.24855_166",0.352841796875,0.04489990234375,0.05948486328125,0.0173779296875,0.0174365234375,NA,NA,NA,0.2072216796875,0.00406982421875,0.2750439453125,NA,NA,0.01359619140625,NA,0.0033349609375,NA,NA,NA,0.0046923828125
"51.53515,-0.24855_76",0.4074267578125,0.02813232421875,0.0258984375,0.021806640625,NA,NA,NA,NA,0.27990966796875,0.0083056640625,NA,NA,NA,0.0114990234375,NA,NA,NA,NA,NA,0.217021484375
"51.53573,-0.24942_189",0.2118212890625,0.2186279296875,0.04581787109375,0.011103515625,NA,NA,NA,0.00202880859375,0.365791015625,NA,0.1331640625,NA,NA,NA,NA,NA,NA,NA,NA,0.0116455078125
"51.53573,-0.24942_99",0.2860400390625,0.14645751953125,0.0880517578125,0.029462890625,NA,NA,NA,NA,0.2690478515625,NA,NA,NA,NA,NA,NA,NA,NA,NA,NA,0.18093994140625
"51.53573,-0.24942_9",0.38754150390625,0.0526171875,0.126083984375,0.02860107421875,NA,NA,NA,NA,0.23222900390625,NA,0.1585107421875,0.00289794921875,NA,0.0033056640625,NA,NA,NA,NA,NA,0.008212890625
"51.53573,-0.24942_279",0.36144775390625,0.0972998046875,NA,0.006904296875,NA,0.0065087890625,NA,NA,0.32734619140625,0.00160400390625,NA,0.0040673828125,NA,0.0041064453125,NA,NA,NA,NA,NA,0.19071533203125
"51.53573,-0.24915_189",0.139853515625,0.28057373046875,0.09690673828125,0.0024072265625,0.00732666015625,NA,NA,0.001806640625,0.09770751953125,0.0045361328125,0.354423828125,0.0090087890625,0.0010546875,0.0008056640625,NA,NA,NA,NA,NA,0.0035888671875
"51.53573,-0.24915_99",0.2762841796875,0.14492919921875,0.1410888671875,0.01934326171875,NA,NA,NA,NA,NA,0.00891845703125,0.33700439453125,0.0061474609375,NA,0.00029296875,NA,NA,NA,NA,NA,0.0659912109375
"51.53573,-0.24915_9",0.34345703125,0.06697021484375,0.1743994140625,0.050576171875,NA,NA,NA,NA,0.2470849609375,NA,0.11026123046875,0.001689453125,NA,NA,NA,NA,NA,NA,NA,0.0055615234375
"51.53573,-0.24915_279",0.30556884765625,0.12225830078125,0.09964599609375,0.03162353515625,0.00847900390625,NA,NA,0.00231689453125,0.277939453125,NA,0.145341796875,NA,NA,0.0013232421875,NA,NA,NA,NA,NA,0.0055029296875
"51.53572,-0.25055_11",0.35321533203125,0.07718505859375,0.03057373046875,NA,0.04682861328125,NA,NA,0.00163818359375,0.27522216796875,NA,NA,NA,NA,NA,NA,NA,NA,NA,NA,0.2153369140625
"51.53572,-0.25055_281",0.363837890625,0.048203125,0.13155029296875,0.00913818359375,0.0213916015625,NA,NA,NA,0.13310791015625,0.00841552734375,0.279794921875,NA,NA,0.00089599609375,NA,NA,NA,NA,NA,0.00366455078125
"51.53572,-0.25055_191",NA,0.28276123046875,0.22117431640625,0.05596435546875,0.01007080078125,0.01484619140625,NA,0.00513916015625,NA,0.00893798828125,0.324365234375,NA,NA,NA,NA,NA,NA,NA,NA,0.07674072265625
"51.53572,-0.25055_101",0.29951171875,NA,0.11674560546875,0.03613525390625,NA,NA,NA,NA,NA,NA,0.30694091796875,NA,NA,0.00582763671875,NA,NA,NA,0.00119384765625,NA,0.23364501953125
"51.53575,-0.25084_11",0.4248046875,0.0327734375,0.07347900390625,0.0074072265625,0.0083642578125,NA,NA,NA,0.26156494140625,NA,0.1793017578125,NA,NA,NA,NA,NA,NA,NA,NA,0.0123046875
"51.53575,-0.25084_281",0.33149658203125,0.0896533203125,0.13908447265625,0.00605712890625,0.04869873046875,NA,NA,NA,0.2136572265625,0.000234375,NA,NA,NA,NA,NA,NA,NA,NA,0.001044921875,0.1700732421875
"51.53575,-0.25084_191",0.250771484375,0.1271337890625,0.221484375,NA,0.07609375,NA,NA,0.00121826171875,NA,NA,0.3122412109375,NA,NA,0.00667724609375,NA,NA,NA,NA,NA,0.0043798828125
"51.53575,-0.25084_101",0.40640625,0.02822021484375,0.13327392578125,0.00340087890625,0.0068994140625,NA,NA,NA,NA,NA,0.33742919921875,NA,0.000693359375,0.01572998046875,NA,NA,NA,NA,NA,0.06794677734375
"51.53584,-0.25111_11",0.38231689453125,0.0618408203125,0.0637255859375,0.02070068359375,NA,NA,NA,NA,0.31092041015625,0.0005224609375,0.155302734375,NA,NA,NA,NA,NA,NA,NA,NA,0.00467041015625
"51.53584,-0.25111_281",0.27966064453125,0.117294921875,0.14564697265625,0.0055810546875,0.0565869140625,NA,NA,NA,0.29406005859375,0.00440185546875,NA,NA,NA,NA,NA,NA,NA,NA,NA,0.096767578125
"51.53584,-0.25111_191",0.16007568359375,0.2008251953125,0.18189453125,NA,0.09386962890625,NA,NA,NA,NA,NA,0.34323486328125,0.00259033203125,NA,0.00081787109375,NA,NA,NA,NA,NA,0.01669189453125
"51.53584,-0.25111_101",0.34476806640625,0.09017822265625,0.09274169921875,0.0061767578125,0.02974365234375,0.00716552734375,NA,NA,0.1557275390625,NA,0.26847900390625,NA,NA,NA,NA,NA,NA,NA,NA,0.00501953125
"51.53594,-0.25138_11",0.3503955078125,0.07285888671875,0.08516845703125,0.00544921875,NA,NA,NA,NA,0.30552001953125,0.0144921875,0.15927978515625,NA,NA,NA,NA,NA,NA,NA,NA,0.0068359375
"51.53594,-0.25138_281",0.2997607421875,NA,0.09386474609375,0.02213623046875,0.0416748046875,NA,NA,NA,0.29203369140625,NA,NA,NA,NA,0.0115576171875,NA,NA,NA,NA,NA,0.23897216796875
"51.53594,-0.25138_191",0.13180419921875,0.2240234375,0.18282958984375,0.004736328125,0.07166748046875,NA,NA,0.00203857421875,NA,0.00891357421875,0.3618701171875,0.00153564453125,NA,0.0071240234375,NA,NA,NA,NA,NA,0.00345703125
"51.53594,-0.25138_101",0.37089111328125,0.03515625,0.15072021484375,0.02994384765625,0.00751953125,NA,NA,0.00110595703125,0.12632080078125,0.0034375,0.26842529296875,NA,NA,0.00269775390625,NA,NA,NA,NA,NA,0.00378173828125
"51.53707,-0.25410_303",0.28377197265625,0.013623046875,0.20213134765625,0.00284423828125,0.0754638671875,NA,NA,NA,NA,0.0022802734375,0.280078125,NA,NA,0.04686279296875,NA,NA,NA,NA,NA,0.0929443359375
"51.53707,-0.25410_213",0.1931298828125,0.17191162109375,0.3156103515625,NA,0.036640625,NA,NA,NA,NA,NA,0.24932373046875,NA,NA,NA,NA,NA,NA,NA,NA,0.0333837890625
"51.53707,-0.25410_123",0.37447265625,0.04034912109375,0.18238525390625,NA,NA,NA,NA,NA,NA,0.00806640625,0.26124755859375,NA,NA,0.0182958984375,NA,NA,NA,NA,NA,0.11518310546875
"51.53707,-0.25410_33",0.31277587890625,0.05011474609375,0.12381103515625,0.01010986328125,0.00546142578125,0.0051513671875,NA,NA,NA,0.0112841796875,0.26119140625,0.00200439453125,NA,0.06430908203125,NA,NA,NA,NA,NA,0.15378662109375
"51.53576,-0.25060_93",0.2948095703125,0.0917578125,0.09115478515625,0.00535400390625,0.0275732421875,NA,NA,0.00156494140625,0.1529443359375,0.03569091796875,0.29220703125,NA,NA,NA,NA,NA,NA,0.001279296875,NA,0.0056640625
"51.53576,-0.25060_3",0.38005859375,0.06550048828125,0.0413134765625,0.00314208984375,0.0374951171875,NA,NA,NA,0.167939453125,NA,0.2988330078125,NA,NA,0.00048583984375,NA,NA,NA,NA,NA,0.00523193359375
"51.53576,-0.25060_273",0.3870166015625,NA,0.1213427734375,0.02248779296875,0.03124755859375,NA,NA,NA,NA,NA,0.3613134765625,NA,NA,0.00943603515625,NA,NA,NA,NA,NA,0.06715576171875
"51.53576,-0.25060_183",0.0834326171875,0.24542236328125,0.2355126953125,0.06220458984375,NA,NA,NA,NA,NA,0.00691650390625,0.33927978515625,NA,NA,0.01036865234375,NA,NA,NA,NA,NA,0.01686279296875
"51.53574,-0.25030_183",0.3792236328125,NA,0.2148388671875,0.0030419921875,NA,NA,NA,NA,NA,NA,0.347587890625,0.00530517578125,NA,0.0281201171875,NA,NA,NA,NA,NA,0.02188232421875
"51.53574,-0.25030_93",0.3443896484375,NA,0.171474609375,NA,0.02843017578125,NA,NA,NA,NA,NA,0.33019775390625,NA,NA,0.016142578125,NA,NA,NA,NA,NA,0.109365234375
"51.53574,-0.25030_3",0.305634765625,0.0900732421875,0.10626953125,NA,0.093955078125,NA,NA,NA,0.17066162109375,NA,0.22706298828125,NA,NA,NA,NA,NA,NA,NA,NA,0.0063427734375
"51.53574,-0.25030_273",0.34443603515625,NA,0.1139111328125,NA,0.030244140625,NA,NA,NA,0.17445068359375,NA,0.26248291015625,NA,NA,0.00318115234375,NA,NA,NA,NA,NA,0.0712939453125
"51.53575,-0.25000_183",0.3341943359375,NA,0.23389404296875,0.0102490234375,NA,NA,NA,NA,NA,NA,0.32154052734375,0.0105810546875,NA,0.038056640625,NA,NA,NA,NA,NA,0.051484375
"51.53575,-0.25000_93",0.272275390625,0.13178955078125,0.1301708984375,0.02655517578125,NA,NA,NA,NA,NA,NA,0.28956298828125,0.0066162109375,NA,NA,NA,NA,NA,NA,NA,0.14302978515625
"51.53575,-0.25000_3",0.3360693359375,0.07308349609375,0.10120361328125,0.02193115234375,0.0224853515625,NA,NA,NA,0.1989892578125,NA,0.238896484375,NA,NA,NA,NA,NA,NA,NA,NA,0.00734130859375
"51.53575,-0.25000_273",0.37413330078125,0.033466796875,0.1421240234375,0.00212646484375,0.01361083984375,NA,NA,NA,NA,0.00553466796875,0.34716552734375,NA,NA,0.0260107421875,NA,NA,NA,NA,NA,0.05582763671875
"51.53577,-0.24908_1",0.3700537109375,0.0522314453125,0.14362060546875,0.04497802734375,NA,NA,NA,NA,0.3125146484375,NA,NA,NA,NA,NA,NA,NA,NA,NA,NA,0.0766015625
"51.53577,-0.24908_271",0.32339599609375,0.1011767578125,0.11673095703125,0.02011474609375,NA,0.00538818359375,NA,NA,0.23017333984375,NA,NA,0.0084423828125,NA,NA,NA,NA,NA,NA,NA,0.19457763671875
"51.53577,-0.24908_91",0.3979345703125,0.02230224609375,0.0422314453125,0.025869140625,NA,NA,NA,NA,0.21705322265625,0.01201171875,NA,0.00210693359375,NA,NA,NA,NA,NA,NA,NA,0.28049072265625
"51.53577,-0.24908_181",0.26379638671875,0.1333642578125,0.08637939453125,0.01427490234375,NA,NA,NA,NA,NA,0.0169384765625,0.32243408203125,0.02422119140625,0.000908203125,NA,NA,NA,NA,NA,0.00124755859375,0.136435546875
"51.53739,-0.25532_342",0.08794189453125,0.24582763671875,0.40867919921875,NA,NA,NA,NA,NA,NA,NA,0.21158447265625,0.031064453125,NA,NA,NA,NA,NA,NA,NA,0.01490234375
"51.53739,-0.25532_252",0.2517529296875,0.11136474609375,0.20333984375,0.01466796875,NA,NA,NA,NA,0.1231884765625,NA,0.253642578125,0.0129443359375,NA,0.01292236328125,NA,NA,NA,NA,NA,0.0161767578125
"51.53739,-0.25532_162",0.325966796875,0.02406005859375,0.030966796875,0.02793212890625,NA,NA,NA,0.0095947265625,0.20062744140625,NA,0.2882373046875,NA,NA,0.085185546875,NA,NA,NA,NA,NA,0.00742919921875
"51.53739,-0.25532_72",0.27860595703125,0.091396484375,0.18455078125,0.0104931640625,NA,NA,NA,NA,0.0839453125,NA,0.28057861328125,0.00078125,NA,0.057216796875,NA,NA,NA,NA,NA,0.012431640625
"51.53731,-0.25555_342",0.09166259765625,0.2551611328125,0.307529296875,0.029267578125,NA,0.03188720703125,NA,NA,NA,NA,0.25040771484375,0.00478271484375,NA,NA,NA,NA,NA,NA,NA,0.0293017578125
"51.53731,-0.25555_252",0.26386474609375,0.103623046875,0.15326416015625,0.024580078125,0.00589111328125,0.02338623046875,NA,NA,0.2546826171875,NA,0.16859619140625,NA,NA,NA,NA,NA,NA,NA,NA,0.00211181640625
"51.53731,-0.25555_162",0.37203857421875,0.05216552734375,0.03329833984375,0.03554443359375,0.00550537109375,NA,NA,NA,0.28760498046875,NA,NA,NA,NA,0.00272216796875,NA,NA,NA,NA,NA,0.21112060546875
"51.53731,-0.25555_72",0.30739990234375,0.0976416015625,0.15229736328125,0.01365234375,0.03003173828125,NA,NA,NA,NA,NA,0.34450439453125,0.0020849609375,NA,0.01489013671875,NA,NA,NA,NA,NA,0.03749755859375
"51.53752,-0.25487_279",0.324482421875,0.101845703125,0.0252197265625,0.01912109375,NA,NA,NA,NA,0.41451171875,NA,NA,NA,NA,0.00155029296875,NA,NA,NA,NA,NA,0.11326904296875
"51.53752,-0.25487_9",0.1612109375,0.2547998046875,0.1288525390625,0.04161865234375,NA,NA,NA,0.0006494140625,0.1158251953125,NA,0.28849365234375,NA,NA,NA,NA,NA,0.000888671875,NA,NA,0.0076611328125
"51.53752,-0.25487_99",0.30546630859375,0.1207568359375,0.08023193359375,0.03687744140625,NA,NA,NA,NA,0.3054736328125,NA,0.1406982421875,NA,NA,NA,0.00131591796875,NA,NA,NA,NA,0.0091796875
"51.53752,-0.25487_189",0.39572265625,0.03175048828125,NA,0.0178076171875,NA,NA,NA,0.00586181640625,0.353330078125,NA,0.17285888671875,NA,NA,0.0040625,NA,NA,NA,0.002099609375,NA,0.01650634765625
"51.53732,-0.25458_356",0.24562744140625,0.1822021484375,0.07603515625,0.01325927734375,0.01387451171875,NA,NA,NA,0.3645458984375,NA,NA,0.00319091796875,NA,0.0012890625,NA,NA,NA,NA,NA,0.0999755859375
"51.53732,-0.25458_266",0.379375,NA,NA,0.0249169921875,NA,NA,NA,NA,0.19354736328125,NA,0.28508056640625,NA,NA,0.0008984375,0.001240234375,NA,NA,NA,NA,0.11494140625
"51.53732,-0.25458_176",0.40509033203125,0.01887939453125,0.04580322265625,0.00327392578125,0.02370849609375,NA,NA,NA,0.07233642578125,NA,0.4254052734375,NA,NA,0.00030029296875,NA,NA,NA,NA,NA,0.00520263671875
"51.53732,-0.25458_86",0.38534423828125,0.0855517578125,0.04536865234375,NA,NA,NA,NA,NA,0.2724658203125,NA,NA,0.0023291015625,NA,0.003740234375,NA,NA,NA,NA,NA,0.2052001953125
"51.53739,-0.25515_356",0.3021826171875,0.00830810546875,0.206533203125,NA,NA,NA,NA,NA,NA,NA,0.3217919921875,NA,NA,0.1456298828125,NA,NA,NA,NA,NA,0.01555419921875
"51.53739,-0.25515_266",0.26031494140625,0.051318359375,0.14760986328125,0.00113037109375,NA,0.0078955078125,NA,NA,NA,NA,0.33991943359375,NA,NA,0.104208984375,NA,NA,NA,NA,NA,0.0876025390625
"51.53739,-0.25515_176",0.16693603515625,0.19984375,0.05385986328125,0.01937744140625,0.0527490234375,0.00866455078125,NA,NA,0.21965576171875,NA,NA,NA,NA,0.00068603515625,NA,NA,NA,NA,NA,0.2782275390625
"51.53739,-0.25515_86",0.30287841796875,0.111376953125,0.08209228515625,0.00922607421875,0.05147216796875,NA,NA,NA,0.2296435546875,NA,NA,NA,NA,0.0028466796875,NA,NA,NA,NA,NA,0.2104638671875
"51.53698,-0.25640_335",0.39542236328125,0.04795654296875,0.29962646484375,NA,NA,NA,NA,NA,0.13828369140625,0.00077392578125,0.10814453125,NA,NA,0.00218017578125,NA,NA,NA,NA,NA,0.0076123046875
"51.53698,-0.25640_245",0.380791015625,0.0604931640625,0.0926611328125,0.05177490234375,NA,NA,NA,NA,0.18965576171875,NA,NA,NA,NA,0.00228271484375,NA,NA,NA,NA,NA,0.22234130859375
"51.53698,-0.25640_155",0.274990234375,0.13506103515625,0.3128564453125,0.09418701171875,0.0172216796875,NA,NA,NA,0.149267578125,NA,NA,NA,NA,NA,NA,NA,NA,NA,NA,0.016416015625
"51.53698,-0.25640_65",0.34013916015625,0.12047119140625,0.4113134765625,NA,0.015751953125,NA,NA,NA,0.08798583984375,NA,0.01364013671875,NA,NA,0.0003515625,NA,NA,NA,NA,NA,0.0103466796875
"51.53565,-0.24850_21",0.32103515625,0.0081591796875,0.1863916015625,NA,NA,NA,NA,NA,NA,0.00218994140625,0.30900390625,NA,NA,0.1021240234375,NA,0.03390625,NA,NA,NA,0.03718994140625
"51.53565,-0.24850_291",0.36941650390625,NA,0.08519775390625,0.02601318359375,NA,NA,NA,NA,0.16943115234375,0.00073486328125,0.25689453125,0.0007958984375,NA,0.0285205078125,NA,NA,NA,NA,NA,0.06299560546875
"51.53565,-0.24850_201",0.07260498046875,0.34764404296875,NA,0.037998046875,NA,0.00667724609375,NA,NA,0.26072998046875,NA,NA,0.00230712890625,NA,NA,NA,0.00345703125,NA,NA,NA,0.26858154296875
"51.53565,-0.24850_111",0.2637890625,0.105556640625,0.10150634765625,0.01648193359375,NA,NA,NA,NA,0.08252197265625,NA,0.3437060546875,NA,NA,0.0491845703125,NA,0.0249853515625,NA,NA,NA,0.01226806640625
"51.53739,-0.25462_10",0.185498046875,0.09380126953125,0.053388671875,0.0400146484375,NA,0.00740234375,NA,NA,0.54345458984375,0.00133544921875,0.07019287109375,NA,NA,NA,NA,NA,NA,NA,NA,0.004912109375
"51.53739,-0.25462_280",0.27547119140625,0.05418212890625,0.05893310546875,0.019921875,NA,NA,NA,NA,0.2886328125,NA,0.07665771484375,NA,NA,NA,NA,0.2159326171875,NA,NA,NA,0.0102685546875
"51.53739,-0.25462_190",0.3036083984375,0.00908447265625,0.0212548828125,0.00803466796875,NA,NA,NA,NA,NA,NA,0.175498046875,NA,NA,0.02372314453125,NA,NA,NA,NA,NA,0.45879638671875
"51.53739,-0.25462_100",0.28677490234375,0.02295166015625,0.03849365234375,0.01917724609375,NA,NA,NA,NA,0.4367724609375,NA,0.164375,NA,NA,0.02376708984375,NA,NA,NA,NA,NA,0.00768798828125
"51.53744,-0.25485_10",0.1536767578125,0.227734375,0.23177001953125,0.01365966796875,NA,0.0097802734375,NA,0.00785888671875,NA,0.00267578125,0.30261962890625,NA,NA,NA,NA,NA,NA,NA,NA,0.050224609375
"51.53744,-0.25485_280",0.30253173828125,0.10972412109375,0.0562548828125,0.01463134765625,NA,NA,NA,NA,0.31528564453125,NA,NA,NA,NA,NA,NA,NA,NA,NA,NA,0.201572265625
"51.53744,-0.25485_190",0.37157470703125,0.03291748046875,NA,0.02236083984375,NA,NA,NA,NA,0.38448486328125,NA,NA,0.000693359375,NA,NA,0.04875,NA,NA,NA,NA,0.13921875
"51.53744,-0.25485_100",0.2920263671875,0.10877685546875,0.170986328125,0.01122314453125,NA,NA,NA,NA,0.26995849609375,NA,NA,0.0014013671875,NA,NA,0.0270703125,NA,NA,NA,NA,0.11855712890625
"51.53561,-0.24790_75",0.35785888671875,0.0640771484375,0.1979833984375,0.00303466796875,0.00502685546875,NA,NA,NA,NA,NA,0.3594873046875,NA,NA,NA,NA,NA,NA,NA,NA,0.01253173828125
"51.53561,-0.24790_165",0.290009765625,0.09545166015625,0.30466796875,0.00252685546875,NA,NA,NA,NA,0.02169189453125,NA,0.2754052734375,NA,NA,NA,NA,NA,NA,NA,NA,0.01024658203125
"51.53561,-0.24790_255",0.3803515625,0.05793212890625,0.2010986328125,0.00268798828125,NA,NA,NA,NA,0.0772265625,NA,0.271279296875,NA,NA,0.000859375,NA,NA,NA,NA,NA,0.008564453125
"51.53561,-0.24790_345",0.4080517578125,0.04059326171875,0.181767578125,NA,NA,NA,NA,NA,NA,NA,0.29405517578125,0.0014990234375,NA,NA,NA,0.0041845703125,NA,NA,NA,0.0698486328125
"51.53367,-0.24816_278",0.33141845703125,0.073955078125,NA,NA,0.0751953125,NA,NA,NA,0.16240234375,NA,0.31197265625,NA,NA,0.02190185546875,NA,NA,NA,NA,NA,0.023154296875
"51.53367,-0.24816_188",0.2753369140625,0.09040283203125,0.020732421875,0.00468505859375,0.093310546875,NA,NA,NA,0.29834716796875,NA,0.18570068359375,0.00195068359375,0.00197998046875,0.02032958984375,NA,NA,NA,NA,NA,0.00722412109375
"51.53367,-0.24816_98",0.2695654296875,0.022294921875,NA,0.01324951171875,0.070576171875,NA,NA,NA,0.41791748046875,NA,NA,0.00254150390625,NA,0.11171875,NA,NA,NA,NA,NA,0.09213623046875
"51.53367,-0.24816_8",0.2826025390625,NA,NA,NA,0.10100830078125,NA,NA,NA,0.2856689453125,NA,NA,NA,NA,0.106552734375,NA,NA,NA,NA,NA,0.22416748046875
"51.53372,-0.24844_8",0.17596923828125,0.02009521484375,NA,NA,0.086142578125,NA,NA,NA,0.47294677734375,NA,NA,NA,NA,0.20826416015625,NA,NA,NA,NA,NA,0.03658203125
"51.53372,-0.24844_278",0.33495849609375,0.04963623046875,0.052939453125,0.0215869140625,0.0397119140625,NA,NA,NA,0.45732666015625,NA,NA,NA,NA,0.04106689453125,NA,NA,NA,NA,NA,0.0027734375
"51.53372,-0.24844_188",0.2695849609375,0.07934814453125,NA,0.07489013671875,0.013193359375,NA,NA,NA,0.467001953125,NA,NA,NA,NA,0.042373046875,NA,NA,NA,NA,NA,0.0536083984375
"51.53372,-0.24844_98",0.2497412109375,0.03512939453125,NA,0.00737060546875,0.08006591796875,NA,NA,NA,0.46688232421875,NA,NA,NA,NA,0.12561279296875,NA,NA,NA,NA,NA,0.03519775390625
"51.53377,-0.24872_8",0.3641845703125,NA,0.015029296875,NA,0.08813232421875,NA,NA,0.00163818359375,0.4824560546875,NA,0.01017578125,NA,NA,0.00436279296875,NA,NA,NA,NA,NA,0.03402099609375
"51.53377,-0.24872_278",0.3298779296875,0.09533935546875,0.0107763671875,NA,0.05382080078125,0.01891845703125,NA,0.00642333984375,0.2265771484375,NA,NA,NA,NA,0.00209716796875,NA,NA,NA,NA,NA,0.25616943359375
"51.53377,-0.24872_188",0.33117919921875,NA,0.012197265625,NA,NA,0.00748046875,NA,0.0246826171875,0.05324951171875,NA,0.42357177734375,NA,NA,NA,NA,NA,NA,NA,NA,0.14763916015625
"51.53377,-0.24872_98",0.31318115234375,0.07859375,NA,NA,0.06174560546875,NA,NA,0.00158203125,0.343876953125,NA,0.1569091796875,NA,NA,0.02263671875,NA,NA,NA,NA,NA,0.021474609375
"51.53526,-0.25299_265",0.1529638671875,0.0177978515625,0.1804248046875,NA,NA,NA,NA,NA,NA,NA,0.37027587890625,NA,NA,0.21957763671875,NA,NA,NA,NA,NA,0.0589599609375
"51.53526,-0.25299_175",0.21847412109375,0.02119140625,0.14003662109375,0.02189453125,NA,NA,NA,NA,NA,NA,0.36475341796875,NA,NA,0.15463623046875,NA,NA,NA,NA,NA,0.079013671875
"51.53526,-0.25299_355",0.24998291015625,0.02197021484375,0.14766357421875,0.00974853515625,0.01411865234375,0.01052001953125,NA,0.005166015625,NA,NA,0.36643798828125,NA,NA,0.14680419921875,NA,NA,NA,NA,NA,0.027587890625
"51.53526,-0.25299_85",0.2272900390625,0.019130859375,0.16661376953125,NA,0.024853515625,0.00548095703125,NA,NA,NA,NA,0.35319580078125,NA,NA,0.15676513671875,NA,NA,NA,NA,NA,0.046669921875
"51.53507,-0.25297_265",0.2080615234375,NA,0.09826416015625,0.0368798828125,0.00856201171875,NA,NA,NA,0.317060546875,NA,0.14852783203125,NA,NA,0.1794091796875,NA,NA,NA,NA,NA,0.00323486328125
"51.53507,-0.25297_175",0.21842041015625,NA,NA,0.02396728515625,NA,NA,NA,NA,0.24330322265625,0.00614013671875,NA,NA,NA,0.21032958984375,NA,NA,NA,NA,NA,0.29783935546875
"51.53507,-0.25297_85",0.2119482421875,0.0206982421875,0.0948388671875,0.05966064453125,NA,NA,NA,NA,NA,NA,0.3886376953125,NA,NA,0.17852783203125,NA,NA,NA,NA,NA,0.0456884765625
"51.53507,-0.25297_355",0.272734375,0.04427001953125,0.1780419921875,0.03018798828125,NA,NA,NA,NA,NA,NA,0.33586181640625,NA,NA,0.087177734375,NA,NA,NA,NA,NA,0.05172607421875
"51.53489,-0.25296_265",0.2850537109375,0.0993408203125,0.09152587890625,0.06193603515625,NA,NA,NA,NA,0.24988525390625,0.00158203125,NA,NA,0.00066162109375,0.0016748046875,NA,NA,NA,NA,0.00303466796875,0.20530517578125
"51.53489,-0.25296_175",0.3163232421875,0.05005615234375,0.07603759765625,0.0640380859375,NA,NA,NA,NA,0.22560546875,0.001240234375,0.23149658203125,0.0020751953125,NA,0.02172119140625,NA,NA,NA,NA,NA,0.01140625
"51.53489,-0.25296_85",0.3005517578125,0.06255126953125,0.090078125,0.06720703125,NA,NA,NA,NA,0.32608642578125,NA,0.10097412109375,0.00225830078125,NA,0.02724609375,NA,NA,NA,NA,NA,0.023046875
"51.53489,-0.25296_355",0.3232861328125,0.07590087890625,0.11050537109375,0.0179541015625,NA,NA,NA,NA,0.22279541015625,0.02054931640625,NA,NA,NA,0.00328125,NA,NA,NA,NA,NA,0.2257275390625
"51.53446,-0.24827_344",0.3037841796875,0.0192041015625,0.07863037109375,0.01082763671875,0.017998046875,NA,NA,NA,0.2915576171875,0.001513671875,0.17538818359375,NA,0.00614501953125,0.08486572265625,NA,NA,NA,0.00424072265625,NA,0.0058447265625
"51.53446,-0.24827_254",0.25701416015625,0.01340087890625,NA,NA,0.0407763671875,NA,NA,NA,0.42150390625,NA,0.0933251953125,NA,NA,0.1545068359375,NA,NA,NA,NA,NA,0.01947265625
"51.53446,-0.24827_164",0.15376220703125,NA,NA,NA,0.07912109375,0.00693115234375,NA,NA,0.26936767578125,NA,0.18436279296875,NA,NA,0.2234228515625,NA,NA,NA,NA,NA,0.0830322265625
"51.53446,-0.24827_74",0.294501953125,0.031982421875,0.1133837890625,NA,0.0345654296875,0.01443603515625,NA,NA,NA,NA,0.244052734375,0.00072021484375,NA,0.09203857421875,NA,NA,NA,NA,NA,0.17431884765625
"51.53362,-0.24788_98",0.24563720703125,0.03613525390625,0.14811767578125,NA,0.02824951171875,NA,NA,NA,0.283681640625,NA,0.12113525390625,NA,NA,0.13322509765625,NA,NA,NA,NA,NA,0.003818359375
"51.53362,-0.24788_188",0.2047216796875,0.04733642578125,0.033369140625,NA,0.08178955078125,NA,NA,NA,0.44104248046875,NA,0.03239501953125,0.0059326171875,NA,0.129208984375,NA,NA,NA,NA,NA,0.0242041015625
"51.53362,-0.24788_278",0.32244873046875,0.05882568359375,NA,0.02196044921875,0.0471826171875,NA,NA,NA,0.44934814453125,NA,NA,0.0142724609375,NA,0.00797119140625,NA,NA,0.01697998046875,NA,NA,0.0610107421875
"51.53362,-0.24788_8",0.2471630859375,0.06833740234375,0.08905029296875,0.08883056640625,NA,NA,NA,NA,0.29206787109375,NA,0.10888671875,NA,NA,0.0800341796875,NA,NA,NA,NA,NA,0.0256298828125
"51.53421,-0.25113_192",0.234921875,0.0623046875,0.222919921875,0.01892333984375,NA,NA,NA,NA,0.1929638671875,NA,0.1698779296875,NA,NA,0.09557373046875,NA,NA,NA,NA,NA,0.0025146484375
"51.53421,-0.25113_102",0.28125,0.04575927734375,0.2444580078125,0.00153076171875,NA,NA,NA,NA,NA,NA,0.33508544921875,NA,NA,0.07160888671875,NA,NA,NA,NA,NA,0.0203076171875
"51.53421,-0.25113_12",0.18995849609375,0.0353662109375,0.28877685546875,NA,NA,NA,NA,NA,NA,NA,0.31838134765625,NA,NA,0.15728515625,NA,NA,NA,NA,NA,0.01023193359375
"51.53421,-0.25113_282",0.2430322265625,0.0164453125,0.21172607421875,0.00337646484375,NA,NA,NA,NA,0.1096826171875,NA,0.26084228515625,NA,NA,0.14385986328125,NA,NA,NA,NA,NA,0.01103515625
"51.53411,-0.25060_192",0.24618896484375,0.07796875,0.0670751953125,0.10298095703125,NA,NA,NA,NA,0.2524169921875,NA,0.1939697265625,NA,NA,0.0565869140625,NA,NA,NA,NA,NA,0.0028125
"51.53411,-0.25060_102",0.3155322265625,0.07251708984375,0.11986083984375,0.0409423828125,NA,NA,NA,NA,0.3685400390625,NA,0.07106201171875,NA,NA,0.0078076171875,NA,NA,NA,NA,NA,0.00373779296875
"51.53411,-0.25060_12",0.281318359375,0.06270263671875,0.2448486328125,0.02757568359375,NA,NA,NA,NA,NA,NA,0.28448974609375,NA,NA,0.047021484375,NA,NA,NA,NA,NA,0.05204345703125
"51.53411,-0.25060_282",0.28420166015625,0.0491259765625,0.1795751953125,0.00224853515625,0.03715576171875,NA,NA,NA,NA,NA,0.36685302734375,NA,NA,0.07167724609375,NA,NA,NA,NA,NA,0.00916259765625
"51.53394,-0.24953_192",0.378115234375,0.0405322265625,NA,0.04399169921875,NA,NA,NA,NA,0.18456298828125,NA,0.30972412109375,NA,NA,NA,NA,NA,NA,NA,NA,0.04307373046875
"51.53394,-0.24953_102",0.35474853515625,0.02684326171875,NA,0.0329150390625,NA,NA,NA,0.00106201171875,0.42058837890625,NA,0.13984375,NA,NA,0.0006640625,NA,NA,NA,NA,NA,0.0233349609375
"51.53394,-0.24953_12",0.28007080078125,0.0359716796875,0.00714111328125,NA,0.03671875,NA,NA,NA,0.40916748046875,0.0638525390625,0.156611328125,NA,NA,NA,NA,NA,NA,NA,NA,0.01046630859375
"51.53394,-0.24953_282",0.370029296875,0.0204345703125,NA,0.01491455078125,0.03853759765625,0.0086572265625,NA,NA,0.0846484375,0.04546630859375,0.4103076171875,NA,NA,NA,NA,NA,NA,NA,NA,0.00700439453125
"51.53389,-0.24927_192",0.25043212890625,0.15088623046875,0.02464111328125,0.04497314453125,NA,NA,NA,NA,0.4680322265625,NA,0.05736572265625,NA,NA,NA,NA,NA,NA,NA,NA,0.00366943359375
"51.53389,-0.24927_102",0.334169921875,0.10224365234375,0.04331787109375,0.0263623046875,0.0053955078125,NA,NA,NA,NA,NA,0.24048583984375,NA,NA,0.00349853515625,NA,NA,NA,NA,NA,0.2445263671875
"51.53389,-0.24927_12",0.27173583984375,0.12679931640625,0.03241455078125,NA,0.028349609375,0.00644287109375,NA,NA,0.3676513671875,0.035400390625,0.1215576171875,NA,NA,0.004169921875,NA,NA,NA,NA,NA,0.005478515625
"51.53389,-0.24927_282",0.31162841796875,0.099521484375,0.01181884765625,0.009501953125,0.01716796875,0.0106591796875,NA,0.0029345703125,0.527119140625,0.00522216796875,0.0022900390625,NA,NA,NA,NA,NA,NA,NA,NA,0.00213623046875
"51.53357,-0.24760_8",0.29353271484375,0.0746142578125,0.26501708984375,0.00952880859375,NA,NA,NA,NA,0.093671875,NA,0.2295166015625,NA,NA,NA,NA,NA,NA,0.023154296875,NA,0.01096435546875
"51.53357,-0.24760_278",0.28405517578125,0.06679443359375,0.1233056640625,0.00458251953125,0.03865234375,NA,NA,NA,0.304482421875,NA,0.10754150390625,NA,NA,0.06049072265625,NA,NA,NA,NA,0.00128662109375,0.00880859375
"51.53357,-0.24760_188",0.172265625,NA,0.0460693359375,0.07424560546875,NA,NA,NA,NA,0.460986328125,NA,NA,NA,NA,0.19995361328125,NA,NA,NA,NA,NA,0.0464794921875
"51.53357,-0.24760_98",0.33606689453125,0.0538818359375,0.15325439453125,0.02275634765625,NA,NA,NA,NA,0.3060693359375,NA,0.0939990234375,NA,NA,0.020830078125,NA,NA,NA,NA,NA,0.01314208984375
"51.53439,-0.24851_344",0.2708642578125,NA,0.09572021484375,NA,0.0354638671875,0.0065087890625,NA,NA,0.13298095703125,NA,0.3128515625,NA,NA,0.1379541015625,NA,NA,NA,NA,NA,0.00765625
"51.53439,-0.24851_254",0.285068359375,NA,0.1393212890625,NA,NA,NA,NA,NA,0.12286376953125,NA,0.30416748046875,NA,NA,0.13804931640625,NA,NA,NA,NA,NA,0.01052978515625
"51.53439,-0.24851_164",0.3320361328125,NA,0.14381103515625,0.023984375,0.01337646484375,NA,NA,0.00343994140625,NA,NA,0.32851318359375,NA,NA,0.07190673828125,NA,NA,NA,NA,NA,0.08293212890625
"51.53439,-0.24851_74",0.36435546875,NA,0.07776611328125,0.0107373046875,0.04658203125,0.00888671875,NA,0.00382568359375,0.1049169921875,NA,0.3215576171875,NA,NA,0.01921875,NA,NA,NA,NA,NA,0.0421533203125
"51.53465,-0.24947_70",0.350615234375,NA,0.153857421875,0.01005126953125,NA,NA,NA,NA,NA,NA,0.34045654296875,NA,NA,0.02916748046875,NA,NA,NA,NA,NA,0.11585205078125
"51.53465,-0.24947_340",0.32716796875,0.0618603515625,NA,0.026953125,NA,NA,NA,NA,0.2904248046875,NA,0.200517578125,NA,NA,0.03212646484375,NA,NA,NA,NA,NA,0.06094970703125
"51.53465,-0.24947_160",0.3566943359375,0.06520263671875,0.1023095703125,0.00463623046875,NA,NA,NA,NA,0.13395263671875,0.014140625,0.3171142578125,NA,0.00174560546875,0.0006689453125,NA,NA,NA,NA,0.00114990234375,0.00238525390625
"51.53465,-0.24947_250",0.311962890625,0.09708740234375,NA,NA,NA,NA,NA,NA,0.36075439453125,0.01349853515625,NA,NA,NA,0.00775390625,NA,NA,NA,NA,NA,0.20894287109375
"51.53415,-0.24921_250",0.3618701171875,0.03416259765625,NA,NA,0.02059326171875,NA,NA,NA,0.45978271484375,0.011826171875,0.07803466796875,NA,NA,0.0274853515625,NA,NA,NA,NA,NA,0.0062451171875
"51.53415,-0.24921_160",0.32048583984375,0.07455078125,0.147890625,0.00404296875,0.01411376953125,NA,NA,NA,NA,0.0024951171875,0.21411865234375,NA,NA,0.01609619140625,NA,NA,NA,NA,NA,0.2062060546875
"51.53415,-0.24921_70",0.315986328125,0.0978271484375,0.21211181640625,0.00710205078125,NA,NA,NA,NA,NA,NA,0.302197265625,NA,NA,0.009287109375,NA,NA,NA,NA,NA,0.05548828125
"51.53415,-0.24921_340",0.4211474609375,NA,0.0394287109375,0.00705810546875,NA,NA,NA,NA,0.2682568359375,0.005205078125,NA,NA,NA,0.0282373046875,NA,NA,NA,NA,NA,0.23066650390625
"51.53399,-0.24911_250",0.3310498046875,0.0831884765625,NA,0.00730224609375,0.03274169921875,NA,NA,NA,0.3590869140625,0.0180029296875,0.15159423828125,NA,NA,NA,NA,NA,NA,NA,NA,0.01703369140625
"51.53399,-0.24911_160",0.38905517578125,0.03764404296875,NA,0.01769287109375,NA,NA,NA,0.00548583984375,0.235078125,0.00331787109375,0.27282470703125,NA,NA,0.00089599609375,NA,NA,NA,NA,NA,0.03800537109375
"51.53399,-0.24911_70",0.33063232421875,0.01603515625,0.147138671875,0.04424072265625,NA,NA,NA,NA,0.12065185546875,NA,0.27523681640625,NA,NA,0.0625830078125,NA,NA,NA,NA,NA,0.0034814453125
"51.53399,-0.24911_340",0.325283203125,0.0288671875,0.12896240234375,0.00153076171875,0.01467529296875,NA,NA,NA,0.2109423828125,0.00617919921875,NA,NA,NA,0.06385009765625,NA,NA,NA,NA,NA,0.21970947265625
"51.53785,-0.25605_199",0.2728173828125,0.08550537109375,0.153818359375,0.02598876953125,NA,0.006357421875,NA,NA,NA,NA,0.32760498046875,NA,NA,0.03649658203125,NA,NA,NA,NA,NA,0.0914111328125
"51.53785,-0.25605_109",0.33109619140625,0.0761572265625,0.103681640625,0.0186865234375,NA,NA,NA,NA,0.25477294921875,0.00175048828125,NA,NA,NA,0.0079541015625,NA,NA,NA,NA,NA,0.20590087890625
"51.53785,-0.25605_19",0.30403564453125,0.09991455078125,0.0322509765625,0.00951904296875,NA,NA,NA,NA,0.401669921875,0.0012060546875,NA,NA,NA,NA,NA,NA,NA,NA,NA,0.15140380859375
"51.53785,-0.25605_289",0.2944677734375,0.07040771484375,0.06853515625,0.01923828125,NA,NA,NA,NA,0.31249267578125,NA,NA,NA,NA,0.02656494140625,NA,NA,NA,NA,NA,0.20829345703125
"51.53777,-0.25581_199",0.1657470703125,0.054912109375,0.14141845703125,0.0376611328125,NA,NA,NA,NA,0.2152880859375,NA,0.2127880859375,NA,NA,0.12756103515625,NA,NA,NA,0.02876708984375,NA,0.01585693359375
"51.53777,-0.25581_109",0.321337890625,0.03594482421875,0.1394921875,0.03436767578125,0.0117041015625,NA,NA,NA,NA,NA,0.28767578125,NA,NA,0.0598876953125,NA,NA,NA,NA,NA,0.10958984375
"51.53777,-0.25581_19",0.2959375,0.05668701171875,0.13942626953125,0.0380078125,0.01111572265625,NA,NA,NA,0.2853125,NA,NA,NA,NA,0.04237548828125,NA,NA,NA,NA,NA,0.1311376953125
"51.53777,-0.25581_289",0.2681787109375,0.04223876953125,0.10449951171875,0.022255859375,NA,NA,NA,NA,0.31541015625,NA,0.17629638671875,NA,NA,0.02394775390625,NA,NA,NA,0.0421435546875,NA,0.005029296875
"51.53770,-0.25558_199",0.1527685546875,0.058427734375,0.16862060546875,NA,0.01954833984375,0.0086181640625,NA,NA,NA,0.015361328125,0.39807861328125,NA,NA,0.16769287109375,NA,NA,NA,NA,NA,0.0108837890625
"51.53770,-0.25558_109",0.27416259765625,NA,0.14294189453125,0.07229736328125,NA,NA,NA,NA,0.15202392578125,NA,0.22243408203125,NA,NA,0.08892333984375,NA,NA,NA,NA,NA,0.047216796875
"51.53770,-0.25558_19",0.245498046875,0.040634765625,0.1372607421875,0.0364208984375,0.0106884765625,0.006943359375,NA,NA,0.23050048828125,NA,0.17406494140625,NA,NA,0.1160888671875,NA,NA,NA,NA,NA,0.0018994140625
"51.53770,-0.25558_289",0.28985107421875,0.02886474609375,0.0502392578125,0.02579833984375,0.01942138671875,0.00552490234375,NA,NA,0.3237646484375,0.0035009765625,NA,NA,NA,0.08466796875,NA,NA,NA,NA,NA,0.16836669921875
"51.53762,-0.25534_199",0.19209716796875,0.0902783203125,0.23346435546875,0.02875,NA,NA,NA,NA,NA,NA,0.32968994140625,NA,NA,0.08628662109375,NA,NA,NA,NA,NA,0.03943359375
"51.53762,-0.25534_109",0.2263623046875,0.013896484375,0.2217431640625,0.03298095703125,NA,NA,NA,NA,0.133828125,NA,NA,NA,NA,0.16982421875,NA,NA,NA,NA,NA,0.20136474609375
"51.53762,-0.25534_19",0.25709228515625,0.0347607421875,0.194951171875,0.05255126953125,NA,NA,NA,NA,0.18825439453125,0.0097900390625,0.14115966796875,NA,NA,0.11585693359375,NA,NA,NA,0.00223388671875,NA,0.003349609375
"51.53762,-0.25534_289",0.2975146484375,0.0833642578125,0.19968505859375,NA,NA,NA,NA,NA,0.287607421875,NA,NA,NA,NA,0.00681884765625,NA,NA,NA,NA,NA,0.125009765625
"51.53482,-0.24954_70",0.233515625,0.00578125,0.105556640625,0.017236328125,NA,NA,NA,NA,NA,0.00925537109375,0.333203125,NA,NA,0.16100830078125,NA,NA,NA,NA,NA,0.134443359375
"51.53482,-0.24954_250",0.32355712890625,0.08232666015625,0.11774658203125,0.0079248046875,0.01164794921875,0.01317626953125,NA,0.00104736328125,0.14363525390625,NA,0.29732666015625,NA,NA,NA,NA,NA,NA,NA,NA,0.001611328125
"51.53482,-0.24954_160",0.29236328125,0.0423583984375,0.04784423828125,NA,NA,NA,NA,NA,0.20010009765625,0.00114990234375,0.3296923828125,NA,NA,0.06579833984375,NA,NA,NA,NA,NA,0.020693359375
"51.53482,-0.24954_340",0.333544921875,0.039775390625,0.13810546875,0.0193603515625,NA,NA,NA,NA,0.0754443359375,NA,0.33622314453125,NA,NA,0.04803955078125,NA,NA,NA,NA,NA,0.0095068359375
"51.53433,-0.24876_344",0.17353759765625,NA,0.12689697265625,0.02428955078125,NA,NA,NA,NA,0.2199755859375,NA,NA,NA,NA,0.2208740234375,NA,NA,NA,NA,NA,0.23442626953125
"51.53433,-0.24876_254",0.26253662109375,0.02416748046875,0.1551220703125,0.02875,NA,NA,NA,NA,0.142939453125,NA,0.26157470703125,NA,NA,0.1190478515625,NA,NA,NA,NA,NA,0.00586181640625
"51.53433,-0.24876_164",0.25034423828125,0.01137451171875,0.1706591796875,0.01720947265625,NA,NA,NA,NA,NA,NA,0.17179443359375,NA,NA,0.19186279296875,NA,NA,NA,NA,NA,0.18675537109375
"51.53433,-0.24876_74",0.29218017578125,0.012314453125,0.115703125,0.006806640625,0.0060546875,NA,NA,NA,NA,NA,0.34470947265625,0.0006494140625,NA,0.1569384765625,NA,NA,NA,NA,NA,0.0646435546875
"51.53426,-0.24900_344",0.3040283203125,0.0423291015625,0.10025634765625,0.02369140625,0.0094189453125,NA,NA,NA,0.251435546875,0.0038720703125,0.19449951171875,NA,NA,0.06286865234375,NA,NA,NA,NA,0.0022216796875,0.00537841796875
"51.53426,-0.24900_254",0.33019287109375,0.08570556640625,0.1028515625,NA,NA,NA,NA,NA,0.154384765625,0.0061376953125,0.3009326171875,NA,NA,0.00296875,NA,NA,NA,NA,NA,0.016826171875
"51.53426,-0.24900_164",0.13775634765625,0.06360595703125,0.117177734375,0.037939453125,NA,NA,NA,NA,0.2171240234375,0.0033544921875,0.22599365234375,NA,NA,0.19313720703125,NA,NA,NA,NA,NA,0.0039111328125
"51.53426,-0.24900_74",0.2929638671875,0.0371044921875,0.13665283203125,0.00286376953125,NA,NA,NA,NA,0.26071533203125,NA,0.18389404296875,NA,NA,0.0466943359375,NA,NA,NA,NA,NA,0.039111328125
"51.53557,-0.24968_250",0.2318017578125,0.0028564453125,0.1412109375,0.004599609375,0.008125,NA,NA,NA,0.171640625,NA,0.24317138671875,NA,NA,0.19218994140625,NA,NA,NA,NA,NA,0.004404296875
"51.53557,-0.24968_160",0.333447265625,NA,NA,0.0038916015625,0.00844970703125,NA,NA,NA,0.3084619140625,NA,0.16737548828125,NA,0.00099853515625,0.0663427734375,NA,NA,NA,NA,0.00078369140625,0.1102490234375
"51.53557,-0.24968_70",0.32529541015625,0.1172607421875,0.08421875,0.0094482421875,0.01380126953125,0.00520751953125,NA,NA,0.2223876953125,0.0018896484375,NA,NA,NA,0.00771728515625,NA,NA,NA,NA,NA,0.2127734375
"51.53557,-0.24968_340",0.31763916015625,0.04045654296875,0.111337890625,0.008232421875,0.00566650390625,NA,NA,NA,0.16425537109375,NA,0.24255126953125,NA,NA,0.10444091796875,NA,NA,NA,NA,NA,0.005419921875
"51.53539,-0.24964_250",0.28727294921875,0.0488916015625,0.0423388671875,0.03591552734375,0.044853515625,NA,NA,NA,0.26801025390625,NA,0.21603515625,NA,NA,0.052548828125,NA,NA,NA,NA,NA,0.00413330078125
"51.53539,-0.24964_160",0.33589599609375,0.06763427734375,0.01824462890625,0.0434765625,0.00740478515625,NA,NA,NA,0.51300048828125,NA,NA,NA,0.00072021484375,0.00609375,NA,NA,NA,NA,NA,0.007529296875
"51.53539,-0.24964_70",0.30314697265625,0.07231201171875,0.05872314453125,0.03931884765625,NA,NA,NA,NA,0.34583740234375,NA,0.10731201171875,0.00107666015625,NA,0.0516064453125,NA,NA,NA,NA,NA,0.02066650390625
"51.53539,-0.24964_340",0.31674560546875,0.0367431640625,0.05564208984375,0.005087890625,0.045,NA,NA,NA,0.20375244140625,NA,NA,0.00163330078125,NA,0.0746728515625,NA,NA,NA,NA,NA,0.26072265625
"51.53520,-0.24961_250",0.30303466796875,0.08431396484375,0.18896240234375,0.0299365234375,NA,NA,NA,NA,NA,NA,0.33453369140625,NA,NA,0.02211181640625,NA,NA,NA,NA,NA,0.03710693359375
"51.53520,-0.24961_160",0.27427001953125,0.01917236328125,0.19021728515625,0.00411865234375,0.0121435546875,NA,NA,NA,NA,NA,0.35818115234375,NA,NA,0.11208251953125,NA,NA,NA,NA,NA,0.029814453125
"51.53520,-0.24961_70",0.22352294921875,0.0092138671875,0.1564794921875,0.01982177734375,NA,NA,NA,NA,NA,NA,0.3168310546875,NA,NA,0.18323974609375,NA,NA,NA,NA,NA,0.09089111328125
"51.53520,-0.24961_340",0.3051953125,0.04435546875,0.13929931640625,0.023662109375,NA,NA,NA,NA,0.1384716796875,NA,0.2639013671875,NA,NA,0.07939697265625,NA,NA,NA,NA,NA,0.0057177734375
"51.53501,-0.24958_250",0.2705859375,0.0389453125,0.09343505859375,0.0359326171875,NA,NA,NA,NA,NA,NA,0.30357421875,NA,NA,0.08121337890625,NA,NA,NA,NA,NA,0.1763134765625
"51.53501,-0.24958_160",0.285849609375,NA,0.149052734375,0.01857421875,NA,NA,NA,NA,NA,NA,0.35115234375,NA,NA,0.10648681640625,NA,NA,NA,NA,NA,0.08888427734375
"51.53501,-0.24958_70",0.22369384765625,NA,0.18869140625,0.011796875,NA,NA,NA,NA,NA,NA,0.3405029296875,NA,NA,0.18150390625,NA,NA,NA,NA,NA,0.05381103515625
"51.53501,-0.24958_340",0.3170166015625,0.02468505859375,0.11562255859375,0.034208984375,NA,NA,NA,NA,0.18151611328125,NA,NA,NA,NA,0.04041015625,NA,NA,NA,NA,NA,0.28654052734375
