LSOA11CD,asian(%),black(%),mixed(%),white(%),other(%),Heterogeneity index
E01000008,25.52954292084727,39.910813823857296,4.793756967670011,25.08361204013378,4.682274247491638,0.7081277987196266
E01000016,14.339826839826838,20.562770562770563,2.4891774891774894,57.84632034632035,4.761904761904762,0.5996473313843445
E01000020,22.33896756509822,19.735038830516217,3.2434901781635452,42.850616719963455,11.831886706258565,0.7124809645636714
E01000036,27.956254272043747,19.958988380041013,1.845522898154477,47.163362952836636,3.0758714969241283,0.6582836884668017
E01000048,19.34477379095164,41.18564742589704,5.77223088923557,26.053042121684868,7.644305772230889,0.7159007109114317
E01000051,32.761732851985556,34.11552346570397,5.054151624548736,23.916967509025273,4.1516245487364625,0.7147998149330761
E01000067,54.252461951656215,12.444046553267682,3.8943598925693825,26.544315129811995,2.864816472694718,0.6173842199458359
E01000070,62.475822050290134,8.027079303675048,1.9825918762088972,24.806576402321085,2.7079303675048356,0.5405707866765936
E01000074,16.591166477916193,19.988674971687427,4.756511891279728,56.17214043035108,2.491506228765572,0.614104469859136
E01000081,23.50859453993933,18.452982810920123,3.336703741152679,52.123356926188066,2.578361981799798,0.637220752851641
E01000094,19.37321937321937,43.14204314204314,5.901505901505902,28.083028083028083,3.5002035002035004,0.6927706821886717
E01000099,28.21710999281093,16.67864845434939,4.205607476635514,47.34004313443565,3.558590941768512,0.665418700168124
E01000105,13.521608900299528,27.813436029097133,5.305947796320068,51.3050919982884,2.053915275994865,0.6378994754071587
E01000111,22.96983758700696,17.122969837587007,3.480278422273782,52.5754060324826,3.851508120649652,0.6388070692987226
E01000121,16.8141592920354,11.776718856364875,8.168822328114365,56.092579986385296,7.147719537100068,0.6314395857941826
E01000144,23.012048192771083,5.36144578313253,3.8554216867469884,54.93975903614457,12.831325301204819,0.6243816228770503
E01000174,12.202043132803633,4.824063564131668,7.4347332576617475,68.27468785471056,7.264472190692395,0.5058357737634331
E01000182,10.864197530864198,1.9753086419753085,5.987654320987654,75.37037037037037,5.802469135802469,0.4127853985672916
E01000208,15.64039408866995,2.647783251231527,4.987684729064039,64.96305418719211,11.761083743842365,0.5364968817491325
E01000213,5.485544848035582,1.7790956263899185,3.9288361749444034,76.72349888806524,12.083024462564863,0.39188131009929117
E01000248,7.746478873239436,2.9342723004694835,4.753521126760563,82.21830985915493,2.3474178403755865,0.31434253014172686
E01000276,26.418786692759294,2.609262883235486,4.957599478147423,55.12067840834965,10.893672537508154,0.6113700374751765
E01000289,13.996200126662444,18.619379354021532,6.396453451551615,53.19822672577581,7.7897403419886,0.6525779096364932
E01000291,15.079872204472844,15.207667731629392,5.814696485623004,57.44408945686901,6.453674121405751,0.6166040278047138
E01000308,23.81628787878788,12.68939393939394,6.8181818181818175,44.98106060606061,11.695075757575758,0.7065205499598255
E01000318,30.853277835587928,4.266389177939646,5.82726326742976,45.00520291363163,14.04786680541103,0.6773105321914716
E01000334,12.372982665869694,10.818888224745965,4.184100418410042,69.27674835624626,3.3472803347280333,0.4901882112765277
E01000335,13.07861866274798,28.214548126377665,4.886113152094048,50.5878030859662,3.2329169728141074,0.6439437332946072
E01000356,23.224568138195778,4.030710172744722,2.815099168266155,68.01023672424824,1.9193857965451053,0.4807371685846198
E01000367,6.393298059964726,23.015873015873016,3.747795414462081,62.96296296296296,3.880070546737213,0.5435959706241893
E01000370,8.793324775353016,6.867779204107831,3.594351732991014,79.01155327342747,1.7329910141206675,0.3616762875283641
E01000377,3.8881309686221006,8.731241473396999,2.728512960436562,84.17462482946793,0.47748976807639837,0.28156076152685083
E01000389,17.225161669606116,4.938271604938271,3.6449147560258672,70.72310405643739,3.4685479129923578,0.4651833603430704
E01000401,15.702479338842975,7.493112947658402,2.8650137741046833,70.24793388429752,3.691460055096419,0.47406780046900254
E01000436,10.870802504268639,3.8133181559476377,2.6180990324416618,80.13659647125783,2.5611838360842345,0.34319960583716014
E01000442,10.626865671641792,8.238805970149254,2.9850746268656714,74.98507462686567,3.164179104477612,0.4177507685453331
E01000469,9.221076746849944,45.81901489117984,4.696449026345934,37.0561282932417,3.2073310423825885,0.6410089368072859
E01000476,69.75056689342404,8.435374149659863,1.3151927437641724,15.28344671201814,5.215419501133787,0.4801188805076074
E01000481,34.45532435740514,18.115055079559365,4.16156670746634,30.110159118727047,13.157894736842104,0.7387604889368964
E01000489,19.97690531177829,11.374133949191686,7.1016166281755195,47.51732101616628,14.030023094688222,0.6966382027745628
E01000504,13.351800554016622,12.299168975069252,11.745152354570637,52.853185595567865,9.750692520775624,0.6643976028422127
E01000512,24.574780058651026,8.563049853372434,6.6275659824046915,51.55425219941348,8.680351906158359,0.6545640302370981
E01000527,15.11627906976744,36.83932346723044,8.879492600422834,29.862579281183933,9.30232558139535,0.7357210062173433
E01000528,12.82051282051282,45.33799533799534,6.293706293706294,26.63170163170163,8.916083916083917,0.6951745806640912
E01000538,56.207535515750465,2.038295243977764,1.9147621988882024,31.93329215565164,7.906114885731934,0.5750650188981142
E01000559,13.850616388687452,10.804931109499638,7.4691805656272665,56.852791878172596,11.022480058013052,0.6281890220078343
E01000573,43.157262905162064,5.762304921968788,2.581032412965186,39.43577430972389,9.063625450180073,0.6460255170495569
E01000584,18.995492594977463,8.886027044430135,7.083065035415325,58.01674179008371,7.018673535093367,0.6094835868014425
E01000586,13.20754716981132,13.752620545073373,7.9245283018867925,56.35220125786164,8.763102725366876,0.6321265421111155
E01000588,37.17063989962359,19.071518193224595,4.485570890840653,32.026348808030114,7.245922208281054,0.7156309970419185
E01000595,13.73100731570062,46.03263927968486,4.895891952729319,21.215531795160384,14.124929656724817,0.7018873373870906
E01000596,17.306652244456462,44.7809626825311,7.247160627366143,19.524067063277446,11.141157382368847,0.7137309249646295
E01000625,26.99460107978404,10.377924415116976,5.93881223755249,40.551889622075585,16.136772645470906,0.7223469523251917
E01000626,13.423249839434812,31.920359666024407,6.9364161849710975,38.66409762363519,9.05587668593449,0.7175871785447783
E01000641,20.634920634920633,21.55657962109575,7.014848950332821,37.94162826420891,12.852022529441884,0.7455564181197203
E01000643,15.909090909090908,31.327985739750446,8.55614973262032,33.33333333333333,10.87344028520499,0.7462907622942225
E01000659,1.6337644656228727,3.8121170864533696,3.7440435670524166,90.40163376446563,0.4084411164057182,0.17961585033279093
E01000664,7.798440311937613,7.258548290341932,6.29874025194961,74.9250149970006,3.719256148770246,0.42192329380554594
E01000682,15.519399249061328,3.44180225281602,2.690863579474343,75.71964956195244,2.6282853566958697,0.39996882836962977
E01000685,12.915129151291513,3.6285362853628538,3.198031980319803,77.79827798277982,2.4600246002460024,0.37511819767644183
E01000694,9.722222222222223,4.079861111111112,6.119791666666666,78.125,1.953125,0.37440509560667434
E01000706,6.540697674418605,10.755813953488373,6.613372093023257,74.49127906976744,1.5988372093023258,0.4246288111817198
E01000718,8.341416100872939,18.13773035887488,9.21435499515034,61.396702230843836,2.909796314258002,0.5738517217470821
E01000726,9.541984732824428,4.885496183206107,2.8244274809160306,80.68702290076337,2.0610687022900764,0.3362461395023598
E01000731,6.681190994916484,7.334785766158316,5.228758169934641,79.15758896151053,1.597676107480029,0.3605746233510484
E01000762,11.683848797250858,5.211912943871707,6.013745704467354,74.79954180985109,2.290950744558992,0.4199938593072826
E01000775,7.6855511638120335,6.280193236714976,5.884936319718928,76.59200702678963,3.557312252964427,0.3987868989873916
E01000796,5.905256327060351,35.626216742375085,9.798831927319922,43.153796236210255,5.515898767034393,0.6707208252392636
E01000811,11.510263929618768,1.9794721407624634,3.812316715542522,82.11143695014663,0.5865102639296188,0.3106429683267259
E01000842,10.566829951014697,2.44926522043387,5.248425472358292,74.52764170748776,7.207837648705389,0.42484749326776494
E01000857,12.32876712328767,5.191059841384282,5.767844268204758,72.02595529920693,4.686373467916366,0.45780860383965005
E01000879,11.855273287143957,2.232486528098537,5.542725173210162,75.13471901462664,5.234795996920708,0.41511176063069766
E01000882,9.422283356258596,1.3755158184319118,6.8088033012379645,76.96011004126547,5.433287482806053,0.39105895797581613
E01000894,10.526315789473683,0.864100549882168,5.498821681068343,80.12568735271013,2.9850746268656714,0.34291765219875736
E01000907,8.051420838971584,10.081190798376184,8.592692828146143,65.8998646820027,7.374830852503384,0.5362529549312334
E01000929,19.094693028095733,19.979188345473464,6.39958376690947,39.28199791883455,15.244536940686784,0.7419798791797912
E01000935,15.236318407960198,21.082089552238806,7.027363184079602,46.766169154228855,9.888059701492537,0.6989167966139452
E01000943,25.851197982345525,4.918032786885246,7.503152585119799,56.36822194199244,5.359394703656998,0.6045131661177803
E01000947,19.173157579388857,10.784901138406232,6.7106051527860995,59.556620730976626,3.7747153984421806,0.5909804165121497
E01000952,30.303030303030305,16.0427807486631,5.28817587641117,43.731431966726085,4.634581105169341,0.6862473252323309
E01000955,28.921933085501863,16.059479553903348,6.691449814126393,41.33828996282528,6.988847583643122,0.7103141194842526
E01000961,21.862799776910204,14.221974344673733,6.8600111544896825,46.62576687116564,10.429447852760736,0.6989958159776712
E01000963,36.44859813084112,4.205607476635514,5.036344755970925,43.40602284527518,10.903426791277258,0.6625480256510623
E01000980,14.142761841227486,30.687124749833224,10.206804536357572,41.42761841227485,3.5356904603068715,0.7025355128902924
E01000981,8.85057471264368,23.50574712643678,8.218390804597702,55.804597701149426,3.620689655172414,0.617434271370062
E01000996,27.53188297074269,35.033758439609905,7.726931732933233,25.806451612903224,3.900975243810953,0.7273735162973038
E01001014,18.833535844471445,28.821385176184688,10.449574726609963,37.27825030376671,4.6172539489671935,0.729444509241447
E01001031,19.461697722567287,6.211180124223603,4.278812974465148,66.11456176673568,3.9337474120082816,0.5177745676440428
E01001046,41.02964118564743,11.492459698387936,5.512220488819553,35.36141445657826,6.6042641705668235,0.6860061401936057
E01001058,9.506263817243921,10.685335298452468,7.148120854826824,70.5232129697863,2.1370670596904935,0.4766268302841946
E01001062,21.164021164021165,9.523809523809524,5.423280423280423,61.57407407407407,2.314814814814815,0.5635244324067076
E01001063,14.74025974025974,13.05194805194805,6.298701298701298,63.76623376623377,2.142857142857143,0.5501973351324001
E01001070,14.18994413407821,14.35754189944134,7.877094972067039,60.78212290502793,2.793296089385475,0.5828188882993663
E01001093,24.665178571428573,13.504464285714285,6.584821428571429,52.51116071428571,2.734375,0.6400999730947067
E01001098,15.885947046843176,6.720977596741344,5.7026476578411405,70.3326544467074,1.3577732518669383,0.47214191265360794
E01001102,12.749003984063744,4.249667994687915,5.577689243027888,76.02921646746348,1.394422310756972,0.4005906431820305
E01001105,11.13033448673587,8.131487889273355,7.7854671280276815,71.56862745098039,1.384083044982699,0.46253969394257477
E01001106,11.118508655126497,9.254327563249001,5.725699067909454,70.50599201065246,3.395472703062583,0.47753284125382756
E01001120,13.683431952662723,10.650887573964498,6.06508875739645,68.04733727810651,1.5532544378698225,0.5029684272259374
E01001121,14.069591527987896,3.5552193645990924,4.16036308623298,76.39939485627836,1.8154311649016641,0.3931935063775833
E01001123,17.364532019704434,9.298029556650246,5.357142857142857,65.51724137931035,2.4630541871921183,0.5284745140624619
E01001125,19.84223300970874,11.04368932038835,6.553398058252427,59.04126213592234,3.5194174757281553,0.5943118755302101
E01001128,8.4946908182386,35.352904434728295,7.432854465958775,45.22173641474079,3.497813866333541,0.6565524904211569
E01001130,12.104072398190045,43.55203619909502,10.180995475113122,29.468325791855204,4.6945701357466065,0.6962637691693454
E01001158,6.540222367560497,26.74950948332243,8.829300196206672,55.2648790058862,2.6160889470241986,0.6102681918915785
E01001159,15.673175745118192,21.223021582733814,8.83864337101747,47.99588900308325,6.269270298047276,0.6882904189055157
E01001169,18.808091853471844,29.524330235101147,6.34226353198469,41.17003827227993,4.155276107162384,0.7022106927423166
E01001237,11.11111111111111,3.917790622992935,5.459216441875402,75.08028259473346,4.431599229287091,0.41747031761176345
E01001249,17.738631708316262,15.731257681278166,7.906595657517411,44.94059811552643,13.682916837361736,0.7168474649831056
E01001270,28.85600455321571,11.667615253272624,5.293113261240752,42.914058053500284,11.26920887877063,0.7034569260157516
E01001271,32.44653103808034,11.163275952008346,4.694835680751173,42.04486176317162,9.650495565988523,0.6939659946191572
E01001283,15.212527964205815,16.387024608501118,7.718120805369128,49.55257270693512,11.129753914988815,0.6861146144568062
E01001294,71.77339901477833,5.073891625615764,1.3300492610837438,9.408866995073891,12.413793103448276,0.45784367492538025
E01001295,69.73757677275265,4.96929089893914,2.0658849804578447,11.948632049134561,11.2786152987158,0.48377316821716365
E01001306,11.348383160463698,3.8438071995118976,7.5045759609518,72.66625991458207,4.636973764490543,0.449823382983642
E01001318,27.566735112936346,17.248459958932237,4.414784394250513,40.34907597535934,10.420944558521562,0.7186431405453495
E01001320,19.112207151664613,21.948212083847103,6.350184956843403,42.971639950678174,9.617755856966708,0.717361160735327
E01001326,22.97090352220521,14.854517611026033,11.128126595201634,37.774374680959674,13.272077590607454,0.7524794270289792
E01001329,28.58590978205778,15.306639635073493,6.031424227065383,37.50633552965028,12.569690826153066,0.7347452134479435
E01001346,19.49974476773864,8.269525267993874,4.0326697294538025,49.617151607963244,18.580908626850434,0.6728000581601232
E01001363,80.7035175879397,7.537688442211055,1.507537688442211,2.512562814070352,7.738693467336684,0.3361652483523144
E01001394,11.611611611611613,12.112112112112113,4.054054054054054,58.05805805805806,14.164164164164164,0.6130670209749289
E01001397,17.305029995385325,12.967235809875405,5.906783571758191,47.02353484079372,16.797415782187354,0.7004130634263288
E01001405,6.232609905397886,7.0673344462993875,5.286588759042849,73.40011129660546,8.013355592654424,0.4431469130675654
E01001408,3.659268146370726,7.138572285542892,6.35872825434913,77.9244151169766,4.919016196760648,0.3798805925677491
E01001409,17.73955773955774,17.395577395577398,7.125307125307126,46.09336609336609,11.646191646191646,0.7071699798972526
E01001429,10.65749892565535,37.34422002578427,5.28577567683713,29.694886119467125,17.017619252256125,0.7292501896146746
E01001451,7.701564380264742,5.7160048134777375,3.9711191335740073,74.90974729241877,7.701564380264742,0.4221459074578494
E01001456,5.667144906743185,4.304160688665711,6.312769010043041,74.96413199426112,8.751793400286944,0.421329164342365
E01001460,14.211274277593558,26.859308384651825,3.7423022264329706,45.42870677404074,9.758408337280908,0.6903618478112326
E01001461,11.28725428027901,30.437539632213063,3.487634749524413,39.8858592263792,14.901712111604311,0.7121047685720019
E01001478,10.970464135021098,20.313441832429174,6.088004822182038,46.292947558770344,16.335141651597347,0.7020075348411009
E01001485,11.206434316353887,30.080428954423592,5.3083109919571045,36.62198391420912,16.782841823056298,0.7318571972773469
E01001497,13.476157567380787,12.992398064961991,3.9391845196959228,50.51831375259157,19.07394609536973,0.6718158151006133
E01001500,15.166771554436753,6.230333543108873,4.7199496538703585,62.177470106985524,11.70547514159849,0.5705818122626412
E01001524,15.556978233034572,11.587708066581307,6.402048655569782,55.12163892445583,11.331626120358514,0.6415918394782617
E01001532,7.951807228915662,3.6746987951807233,6.506024096385541,74.57831325301206,7.289156626506024,0.4265880389025982
E01001547,8.445297504798464,20.201535508637235,7.485604606525912,48.464491362763916,15.403071017274472,0.6878479117008853
E01001563,7.085253456221198,4.838709677419355,7.200460829493087,72.2926267281106,8.582949308755762,0.4574648537875087
E01001565,10.925373134328359,7.522388059701493,6.567164179104477,64.29850746268657,10.686567164179104,0.5532421474715972
E01001573,16.77215189873418,28.29113924050633,5.443037974683544,45.88607594936709,3.6075949367088604,0.6770132991507771
E01001606,5.088902513795217,2.8816676885346415,3.740036787247088,86.57265481299817,1.7167381974248928,0.24540394359589512
E01001641,7.671673819742489,14.645922746781114,5.686695278969957,69.04506437768241,2.9506437768240343,0.491837665088692
E01001673,38.55773238849521,18.757815756565236,3.1263026260942057,33.13880783659858,6.4193413922467695,0.7012283324248796
E01001677,19.89843028624192,33.65650969529086,6.094182825484765,33.74884579870729,6.602031394275161,0.7251581351688012
E01001684,10.610263522884882,19.070735090152567,6.51872399445215,60.19417475728155,3.6061026352288486,0.584489295765436
E01001700,22.485207100591715,29.163144547759934,4.733727810650888,32.75570583262891,10.862214708368555,0.7430594309780212
E01001710,17.3371104815864,39.32011331444759,5.042492917847025,35.12747875354108,3.1728045325779037,0.6883920102079304
E01001714,13.310580204778159,20.28278888347148,7.898586055582643,47.63529985372989,10.872745002437835,0.6961710892000453
E01001724,9.668508287292818,10.600828729281767,7.63121546961326,63.60497237569061,8.494475138121548,0.5618158309422789
E01001731,12.893553223388308,24.2503748125937,6.746626686656672,46.36431784107946,9.745127436281859,0.6955541157457253
E01001738,5.916140149339459,7.524411257897761,7.294658242389432,71.0511200459506,8.213670304422745,0.47394444424282955
E01001744,6.970912738214643,21.464393179538614,6.519558676028084,54.86459378134403,10.180541624874625,0.6334414477132502
E01001747,10.09016745384285,14.727350794332331,7.986260197509661,60.455130957492486,6.74109059682267,0.5917248145869625
E01001760,8.994708994708994,22.063492063492063,7.671957671957672,53.91534391534392,7.3544973544973535,0.6412485652697293
E01001763,8.088235294117647,26.838235294117645,5.392156862745098,53.55392156862745,6.127450980392156,0.6279646049596309
E01001768,16.890080428954423,13.780160857908847,6.541554959785523,58.284182305630026,4.504021447721179,0.6064708292304264
E01001795,15.29051987767584,17.813455657492355,7.64525993883792,56.34556574923547,2.90519877675841,0.6207167840342658
E01001803,3.325942350332594,6.1529933481153,6.984478935698448,77.71618625277162,5.82039911308204,0.3828613182826043
E01001807,3.861003861003861,15.223386651958082,4.026475455046883,64.20297848869278,12.6861555432984,0.5454167654151895
E01001834,7.977922729553437,18.364274962368288,8.73055694932263,55.9959859508279,8.931259407927747,0.6307565692165429
E01001835,11.075181891673404,9.943411479385611,8.56911883589329,65.80436540016169,4.607922392886015,0.5353591662097453
E01001836,5.382131324004305,18.998923573735198,10.010764262648008,60.97954790096879,4.628632938643703,0.5769928659240986
E01001873,8.050565535595476,11.776447105788424,8.183632734530939,62.80771789753826,9.181636726546905,0.570041996291294
E01001881,9.411764705882353,7.433155080213903,5.240641711229946,72.99465240641712,4.919786096256685,0.4476278989962539
E01001886,10.052562417871222,15.965834428383705,6.636005256241787,61.62943495400789,5.716162943495401,0.5769139782532493
E01001919,4.958145524790727,3.670315518351577,3.9278815196394077,83.00064391500322,4.443013522215067,0.30376700642546717
E01001925,7.238095238095238,3.8730158730158735,5.777777777777778,80.12698412698413,2.984126984126984,0.3469988410178888
E01001940,10.646636185499673,19.725669497060743,7.7726975832789025,53.690398432397124,8.164598301763554,0.6487812723846516
E01001941,14.65901848311026,9.496494582536648,8.540471637985979,58.76354365838113,8.540471637985979,0.6095896392866733
E01001951,6.987475280158208,6.987475280158208,6.526038233355306,74.81872116018458,4.680290046143705,0.4240015052433658
E01001954,10.177281680892975,18.122127380170717,6.828627708470125,57.97767564018385,6.894287590282337,0.6112439206407854
E01001958,14.782608695652174,37.04347826086957,9.507246376811594,28.115942028985508,10.55072463768116,0.741704347826087
E01001963,6.253458771444382,3.154399557277255,7.858328721638075,77.9192030990592,4.814609850581074,0.3794608006923824
E01001964,5.997552019583844,12.607099143206854,6.915544675642595,69.58384332925337,4.8959608323133414,0.4891383977863305
E01001979,10.501089324618738,32.94117647058823,9.62962962962963,35.947712418300654,10.980392156862745,0.7299069208898763
E01001989,6.616366802089379,5.107370864770749,6.674405107370865,76.90075449796866,4.7011027278003485,0.39497643604384236
E01002011,8.767908309455587,7.392550143266476,10.659025787965616,67.50716332378224,5.673352435530086,0.516545512762621
E01002019,4.952658412235979,3.423160961398398,6.117989803350328,81.93736343772761,3.5688273852876913,0.31998552884179265
E01002024,5.8869701726844585,5.572998430141287,6.907378335949764,76.21664050235479,5.416012558869702,0.4048263913704595
E01002046,10.346964064436182,29.36802973977695,5.762081784386617,40.954151177199506,13.568773234200743,0.7135903471636809
E01002061,5.167958656330749,5.749354005167959,7.10594315245478,78.35917312661499,3.6175710594315245,0.37364958703069395
E01002065,5.315822388993121,10.506566604127581,6.566604127579738,70.91932457786116,6.6916823014384,0.47439045901499566
E01002072,10.42223409941208,31.587386424371992,6.680919294494922,39.337252805986104,11.972207375734902,0.7158226164865235
E01002082,9.084507042253522,42.112676056338024,3.6619718309859155,29.859154929577464,15.28169014084507,0.7005485022812934
E01002087,7.85639958376691,17.32570239334027,6.035379812695109,59.833506763787724,8.949011446409989,0.5941537875153895
E01002093,14.037940379403793,27.15447154471545,5.799457994579946,39.13279132791328,13.875338753387535,0.7308036809365384
E01002096,9.875813128326435,24.89651094027203,7.746895328208161,44.6481371969249,12.83264340626848,0.7064484778881203
E01002107,59.07590759075908,3.905390539053905,3.4103410341034106,29.15291529152915,4.455445544554455,0.5613411176101109
E01002118,30.933333333333334,7.893333333333333,4.053333333333333,50.18666666666667,6.933333333333333,0.6397622044444444
E01002123,40.38686987104337,5.920281359906213,2.7549824150058617,43.96248534583822,6.97538100820633,0.6344905024539279
E01002136,37.21044849679645,6.899950714637752,4.2878265155248885,43.765401675702314,7.836372597338591,0.6572568627255704
E01002137,17.70416904625928,4.9685893774985725,5.768132495716733,68.53226727584237,3.026841804683038,0.4922770736213067
E01002146,51.47159479808351,2.8062970568104038,3.764544832306639,38.46680355920603,3.4907597535934287,0.5836747448256541
E01002151,30.46526449968133,15.423836838750796,5.544933078393881,41.427660930529,7.138304652644997,0.703602014980333
E01002154,53.390108090402876,7.4353095316082545,4.356370782836554,29.02063544055028,5.797576154602031,0.6199425393224988
E01002164,33.07453416149068,6.780538302277432,8.022774327122153,46.42857142857143,5.693581780538302,0.6607705464038167
E01002165,52.86443562110039,3.800340328984685,1.6449234259784458,34.82699943278503,6.8633011911514465,0.5928178294037423
E01002170,54.824561403508774,5.263157894736842,2.923976608187134,29.678362573099413,7.309941520467836,0.6023776546629732
E01002174,66.26198083067094,5.111821086261981,1.4696485623003195,22.236421725239616,4.920127795527156,0.5062393206014145
E01002175,62.5615763546798,4.2223786066150595,1.688951442646024,28.36030964109782,3.166783954961295,0.5251032442388006
E01002190,50.669772859638904,1.57251019219569,2.5043680838672104,40.94350611531741,4.309842748980781,0.5728884033012571
E01002191,55.78163771712159,2.8784119106699753,2.6799007444168734,31.811414392059557,6.848635235732011,0.5814071880252941
E01002193,37.01899659035558,6.916707257671701,5.455431076473453,43.156356551388214,7.452508524111057,0.6633980329832265
E01002199,58.572339069471,5.098789037603569,1.7845761631612493,27.724665391969406,6.8196303377947745,0.5724934305157974
E01002201,62.27405247813411,4.139941690962099,1.3411078717201166,26.93877551020408,5.3061224489795915,0.5349152138989707
E01002214,48.32635983263599,9.623430962343097,3.1380753138075312,28.870292887029287,10.0418410041841,0.6627772623028308
E01002218,49.394939493949394,7.975797579757976,4.730473047304731,29.31793179317932,8.58085808580858,0.6540976979986227
E01002225,30.45220377790498,2.346880366342301,2.919290211791643,58.44304522037779,5.838580423583286,0.5608954626280591
E01002230,46.8189233278956,3.6976617727025554,1.7400761283306143,41.97933659597607,5.76400217509516,0.5995799428786184
E01002232,37.099023709902376,8.135750813575081,3.812180381218038,33.61227336122734,17.340771734077173,0.7112451994369327
E01002235,43.335103558151886,12.639405204460965,2.496016994158258,32.023366967604886,9.506107275624004,0.684022202736901
E01002247,17.492946392583637,13.825070536074163,5.521966948810963,60.0161225312374,3.143893591293833,0.5860553101597128
E01002249,24.58448753462604,15.189289012003693,5.170821791320406,50.80794090489381,4.247460757156047,0.6538663292093285
E01002250,21.62752594210814,14.36373566357182,4.478427089022392,54.833424358274165,4.696886947023485,0.627711173637109
E01002277,3.829524397776405,7.906114885731934,2.964793082149475,84.06423718344658,1.2353304508956144,0.28457160777228097
E01002299,9.045780474351902,8.439051296194153,2.7578599007170435,77.60617760617761,2.151130722559294,0.38120043115709334
E01002301,10.109622411693058,5.84652862362972,4.080389768574909,77.95371498172959,2.0097442143727164,0.37661433058226435
E01002339,10.042347247428918,5.565638233514822,3.38777979431337,79.491833030853,1.5124016938898972,0.3535459003392244
E01002352,13.668341708542714,9.698492462311558,4.0703517587939695,70.30150753768845,2.261306532663317,0.47551324461503497
E01002363,5.671843349088454,2.5658338960162053,2.9034436191762323,87.84604996623902,1.012829169480081,0.22348623869942075
E01002364,3.758290346352248,2.284450994841562,1.915991156963891,91.00957995578482,1.0316875460574797,0.169317749229004
E01002369,15.75609756097561,18.146341463414632,3.8048780487804876,59.95121951219512,2.341463414634146,0.5808347412254611
E01002411,16.854990583804145,20.15065913370998,5.979284369114877,53.24858757062147,3.766478342749529,0.642450994995762
E01002415,19.055944055944053,3.4382284382284385,5.594405594405594,68.997668997669,2.9137529137529135,0.4824583924234275
E01002425,29.66252220248668,11.486086441681469,3.6708111308466544,45.88513913558319,9.295441089402013,0.6782878521944488
E01002442,7.164727495407226,2.1432945499081444,3.4292712798530314,84.50704225352112,2.7556644213104717,0.27832791900367837
E01002443,59.74596971177333,4.2012701514411335,3.419638495359062,25.109916951636542,7.523204689789936,0.5713967966752971
E01002449,52.429906542056074,5.5607476635514015,4.252336448598131,29.11214953271028,8.644859813084112,0.6279849768538737
E01002455,36.5433350228079,10.390268626457171,4.7136340598074,38.874809934110495,9.47795235681703,0.6933326208939795
E01002457,32.276119402985074,11.007462686567164,5.286069651741294,45.95771144278607,5.472636815920398,0.6667084354347664
E01002493,38.32665330661323,21.492985971943888,3.857715430861723,24.899799599198396,11.422845691382765,0.7303755808209605
E01002504,37.97177551690187,13.357400722021662,5.54643912044634,33.83656055136199,9.287824089268133,0.7117784616869353
E01002506,52.33960443801254,18.958031837916064,3.183791606367583,15.822479498311626,9.696092619392186,0.6546657237553839
E01002511,22.897483118477595,6.445672191528545,5.095150399017802,60.896255371393494,4.665438919582566,0.5678077780679451
E01002518,25.075757575757574,5.606060606060606,4.393939393939394,57.57575757575758,7.348484848484849,0.5951503673094581
E01002538,13.017751479289942,3.076923076923077,4.615384615384616,76.03550295857988,3.2544378698224854,0.4007779839641469
E01002547,56.11175785797439,11.466821885913852,5.238649592549476,14.144353899883585,13.038416763678695,0.6322476117422728
E01002572,8.98513251454428,11.376858435681966,6.91661279896574,67.03296703296702,5.688429217840983,0.5216218057010484
E01002583,68.19690265486726,2.5442477876106198,2.765486725663717,16.095132743362832,10.398230088495575,0.496788486764821
E01002586,71.45187601957585,2.066340402392605,1.9032082653616094,14.790647090810221,9.787928221859707,0.45721706686820907
E01002592,36.932344763670066,7.32159406858202,4.726598702502317,45.78313253012048,5.236329935125116,0.6436541059797757
E01002594,47.11496746203905,4.772234273318872,3.600867678958785,37.00650759219089,7.505422993492409,0.6318626394568065
E01002600,27.78450363196126,9.987893462469733,3.14769975786925,55.02421307506054,4.0556900726392255,0.6074242681847228
E01002610,18.537414965986397,12.641723356009072,6.972789115646258,54.93197278911565,6.91609977324263,0.6382577218340095
E01002630,58.81782945736435,4.312015503875969,3.14922480620155,24.12790697674419,9.593023255813954,0.5837769853073732
E01002631,61.8657937806874,4.528096017457719,2.073104200763775,11.020185488270595,20.51282051282051,0.5605601851727839
E01002666,64.30107526881721,4.301075268817205,2.043010752688172,20.64516129032258,8.709677419354838,0.5340617412417621
E01002672,24.49748743718593,19.032663316582916,5.0879396984924625,44.346733668341706,7.035175879396985,0.699561721926214
E01002675,34.93788819875777,7.49223602484472,5.667701863354037,45.57453416149068,6.327639751552796,0.6574010334284943
E01002679,33.7823275862069,3.771551724137931,4.579741379310344,49.730603448275865,8.135775862068966,0.6284231941141498
E01002683,23.650306748466257,5.214723926380368,7.730061349693251,58.22085889570552,5.184049079754601,0.593717302119011
E01002692,14.959504525964745,4.144830871843736,9.861838970938543,61.83897093854216,9.194854692710814,0.5753174053934801
E01002694,12.949640287769784,18.04556354916067,8.333333333333332,51.97841726618705,8.69304556354916,0.6659895105498335
E01002696,6.121281464530892,5.835240274599542,5.034324942791762,80.37757437070938,2.631578947368421,0.3435655787064915
E01002715,19.135071090047393,25.770142180094783,8.056872037914692,36.72985781990521,10.308056872037914,0.744949714741358
E01002719,7.056451612903227,4.905913978494623,6.451612903225806,77.88978494623656,3.696236559139785,0.3804034425945195
E01002732,11.523545706371191,25.20775623268698,8.9196675900277,44.21052631578947,10.138504155124654,0.7094856546527422
E01002733,10.657439446366782,9.550173010380623,7.82006920415225,65.25951557093425,6.71280276816609,0.5430193604003783
E01002739,5.55858310626703,6.103542234332425,7.084468664850137,76.94822888283379,4.305177111716621,0.39420947516129756
E01002742,3.6999999999999997,22.1,5.050000000000001,61.95,7.199999999999999,0.5582754999999999
E01002753,8.933518005540165,16.82825484764543,7.963988919667591,56.64819944598338,9.626038781163434,0.6271897852226426
E01002756,4.51761102603369,13.705972434915772,6.431852986217458,70.59724349157733,4.747320061255743,0.4743860941021415
E01002764,10.730088495575222,13.827433628318584,7.411504424778761,57.30088495575221,10.730088495575222,0.6240210666457828
E01002768,6.222775357809583,10.329807093963908,8.21406347230865,70.81518357187305,4.418170504044804,0.47527908585997247
E01002804,7.901554404145078,24.22279792746114,8.095854922279793,52.84974093264248,6.930051813471502,0.6444157896856292
E01002807,8.396946564885496,19.495008807985908,7.516147974163241,55.54903112155021,9.04286553141515,0.6325475164031282
E01002817,10.483271375464684,1.6356877323420074,8.178438661710038,70.18587360594796,9.516728624535316,0.48039137104241236
E01002820,15.451895043731778,1.1661807580174928,5.830903790087463,70.8454810495627,6.705539358600583,0.4661833079754182
E01002830,21.187427240977883,14.260768335273575,5.9371362048894065,48.83585564610012,9.778812572759023,0.6831907855060639
E01002833,8.477366255144032,7.818930041152264,7.242798353909465,72.67489711934157,3.7860082304526745,0.45185659367643827
E01002835,16.065109695682946,2.6185421089879686,5.9447983014862,66.59589525831564,8.775654635527246,0.518768948130518
E01002840,13.606089438629876,13.606089438629876,7.706945765937203,48.43006660323502,16.65080875356803,0.6947630863995234
E01002843,14.872192099147947,15.491866769945778,6.584043377226956,50.11618900077459,12.935708752904725,0.6816505378053749
E01002853,8.485273492286115,13.604488078541374,18.513323983169705,43.12762973352034,16.269284712482467,0.7275492801488683
E01002866,17.113176599234553,15.746309458720612,6.178239475123018,51.39420448332422,9.568069983597596,0.6688110064416883
E01002870,5.541561712846348,24.055415617128464,8.816120906801007,48.551637279596974,13.035264483627204,0.678572448273893
E01002871,10.641200545702592,1.5688949522510234,5.184174624829468,77.96725784447476,4.638472032742155,0.3757019034448873
E01002873,5.066079295154185,12.187958883994126,8.076358296622614,66.88693098384728,7.782672540381791,0.5226129407173091
E01002879,23.049281314168375,14.887063655030802,12.73100616016427,36.90965092402464,12.42299794661191,0.7568374239466372
E01002887,17.478510028653297,1.3371537726838587,5.730659025787966,64.94746895893027,10.506208213944603,0.533131911889065
E01002891,18.251273344651953,1.1884550084889642,3.65025466893039,66.383701188455,10.526315789473683,0.5134555129265741
E01002893,9.924146649810368,4.171934260429835,9.165613147914033,68.26801517067004,8.470290771175728,0.5067830092331396
E01002915,27.85355348169419,3.4458004307250536,4.1636755204594404,56.568557071069634,7.968413496051687,0.5931472561247422
E01002930,27.027027027027028,3.7225905150433456,6.323304436511984,57.98062213156553,4.946455889852117,0.5829477982307208
E01002946,7.5596816976127315,1.1936339522546418,4.310344827586207,85.07957559681698,1.8567639257294428,0.268086562207572
E01002947,8.353510895883778,2.1791767554479415,4.418886198547216,82.56658595641646,2.4818401937046004,0.3082542841899759
E01002949,11.484290357529794,1.7334777898158178,4.658721560130011,77.6273022751896,4.496208017334778,0.37971884981025406
E01002951,16.901408450704224,1.341381623071764,4.963112005365526,67.40442655935614,9.389671361502346,0.5056387958873294
E01002964,13.354531001589825,5.246422893481717,5.365659777424484,69.79332273449921,6.24006359300477,0.48552949517365485
E01002981,37.242669993761695,2.8072364316905802,4.553961322520275,46.60012476606363,8.796007485963818,0.6335423015719512
E01002990,9.607498535442296,1.9917984768599881,5.272407732864675,77.91446983011132,5.213825424721734,0.377808184295068
E01002993,12.977099236641221,2.2264631043257,4.643765903307888,75.69974554707379,4.4529262086514,0.40547931679713034
E01003053,5.253731343283582,13.313432835820896,6.865671641791045,70.98507462686567,3.582089552238806,0.46963011806638466
E01003054,5.801735952489722,11.786203746002741,5.801735952489722,73.64093193238922,2.9693924166285974,0.43619609739381726
E01003069,3.301540719002201,27.21936903888481,8.51063829787234,58.54732208363903,2.421129860601614,0.5742124020801295
E01003073,4.130162703379224,30.851063829787233,10.262828535669586,51.50187734668336,3.254067584480601,0.6262795640984272
E01003076,9.050609530845954,36.091614333210195,6.57554488363502,40.96786110084965,7.314370151459181,0.6840378397535211
E01003128,5.048661800486618,34.12408759124087,8.394160583941606,42.88321167883212,9.549878345498783,0.6809425707875278
E01003129,4.192286193404136,20.458356623812186,7.3225265511458915,62.43711570709893,5.589714924538849,0.5580622654874003
E01003157,6.455696202531645,10.69620253164557,6.645569620253164,75.0632911392405,1.139240506329114,0.4163956096779362
E01003177,5.09433962264151,24.0251572327044,6.855345911949685,56.22641509433962,7.79874213836478,0.6127613622878842
E01003196,10.928652321630803,36.18346545866365,8.720271800679502,38.27859569648924,5.889014722536806,0.6995346862659342
E01003199,8.206686930091186,9.77710233029382,7.852077001013172,70.51671732522796,3.64741641337386,0.47894923776059384
E01003204,10.542540073982737,25.030826140567203,7.706535141800247,54.069050554870536,2.651048088779285,0.6272431623743198
E01003219,12.354312354312354,33.15850815850816,7.983682983682984,38.46153846153847,8.041958041958042,0.7140182078993267
E01003220,5.335731414868105,33.093525179856115,7.434052757793765,49.700239808153476,4.436450839328537,0.6331287487995215
E01003245,11.278195488721805,50.27568922305764,6.165413533834586,27.769423558897245,4.511278195488721,0.6515652539870982
E01003271,11.00861008610086,12.976629766297663,5.350553505535055,65.19065190651907,5.4735547355473555,0.5402008263625071
E01003302,8.768154922001075,37.278106508875744,9.575040344271113,36.84776761699838,7.530930607853685,0.7027307942605663
E01003305,8.235294117647058,39.73856209150327,12.418300653594772,35.38126361655773,4.226579520697168,0.6929114633023385
E01003308,6.584821428571429,20.982142857142858,10.267857142857142,58.31473214285714,3.850446428571429,0.5995526994977678
E01003314,4.860267314702309,20.23086269744836,9.781287970838397,62.575941676792226,2.551640340218712,0.5549157056615028
E01003323,6.6006600660066,28.71287128712871,8.316831683168317,48.25082508250825,8.118811881188119,0.6668775392390724
E01003343,2.821748107364074,22.98692360633173,7.91465932553338,62.2849277357192,3.9917412250516175,0.5505651027444465
E01003346,8.463385354141657,36.91476590636255,6.182472989195678,44.89795918367347,3.5414165666266504,0.6499079824006433
E01003355,14.704225352112676,2.140845070422535,7.211267605633803,70.70422535211267,5.23943661971831,0.4700660979964293
E01003357,21.26068376068376,18.055555555555554,5.715811965811966,49.09188034188034,5.876068376068376,0.6744768838118198
E01003362,13.347763347763347,2.4531024531024532,4.68975468975469,76.40692640692642,3.1024531024531026,0.39461820847102225
E01003367,17.78445111778445,8.942275608942275,6.806806806806807,59.65965965965966,6.806806806806807,0.5951808776856047
E01003372,17.930629041740154,17.695473251028808,6.525573192239858,52.85126396237507,4.997060552616108,0.6504552946515192
E01003378,17.61819803746655,19.491525423728813,5.976806422836753,51.739518287243534,5.173951828724353,0.6570209789430712
E01003380,17.23147616312464,2.8144744399770247,6.145893164847789,71.51062607696727,2.2975301550832854,0.45383346733393126
E01003386,30.95659875996457,17.62621789193977,5.137289636846766,38.21966341895482,8.060230292294065,0.717890370700456
E01003394,31.11650485436893,13.446601941747574,4.466019417475728,44.5631067961165,6.407766990291262,0.6804076727307005
E01003398,26.527415143603132,18.79895561357702,6.7885117493472595,41.72323759791123,6.161879895561357,0.7118014302367595
E01003401,20.78291814946619,3.2740213523131674,5.907473309608541,67.40213523131673,2.6334519572953736,0.4972469953521359
E01003411,15.74028529267093,21.692080668962124,8.607968519429415,48.499754058042306,5.459911460895229,0.6825563156273673
E01003413,20.16361886429259,22.617901828681426,9.672762271414822,40.279114533205004,7.266602502406159,0.7313086081697345
E01003419,14.786418400876233,6.571741511500548,5.531215772179627,69.49616648411829,3.614457831325301,0.48647982350591257
E01003434,25.54697554697555,25.28957528957529,4.761904761904762,38.030888030888036,6.370656370656371,0.7198179978102757
E01003436,20.72538860103627,10.938399539435808,5.238917674150835,58.318940702360386,4.778353483016695,0.5999431917801091
E01003451,19.09184726522188,11.867905056759547,3.9215686274509802,59.700722394220854,5.41795665634675,0.5885744988343498
E01003453,27.436037016875343,6.369080021774633,3.91943385955362,58.02939575394666,4.246053347849755,0.5805896990104513
E01003465,10.038022813688213,0.7604562737642585,5.399239543726235,79.16349809885932,4.638783269961976,0.3581130275123249
E01003466,15.934387814879905,3.690685413005272,6.38547158758055,71.99765670767428,1.9917984768599881,0.4504070046182901
E01003468,11.155378486055776,3.016505406943654,5.065452475811042,77.68924302788844,3.073420603301081,0.3795735020726917
E01003479,13.541666666666666,15.494791666666666,5.533854166666666,61.067708333333336,4.361979166666666,0.5797619289822048
E01003488,45.5005055611729,20.525783619817997,5.25783619817998,19.16076845298281,9.55510616784631,0.7022316257395558
E01003489,48.36666666666667,22.2,3.8,19.066666666666666,6.566666666666666,0.6746726666666667
E01003491,69.04040404040404,10.05050505050505,3.0303030303030303,14.747474747474747,3.1313131313131315,0.489593408835833
E01003501,29.770017035775126,25.340715502555366,5.919931856899488,33.43270868824531,5.536626916524702,0.7288148382472016
E01003514,13.477737665463296,29.96389891696751,6.859205776173286,45.788206979542714,3.910950661853189,0.6761611211753923
E01003524,65.11145671332297,9.901503369621565,2.436495593571799,17.573872472783826,4.976671850699844,0.532291366851373
E01003532,77.09327548806941,5.726681127982646,1.2581344902386116,12.321041214750544,3.600867678958785,0.3857474790726564
E01003537,43.30708661417323,12.320518758684576,4.307549791570171,32.97823066234368,7.086614173228346,0.6816362283243598
E01003540,39.366963402571706,21.562809099901088,4.599406528189911,31.15727002967359,3.3135509396636995,0.6982377820238505
E01003550,29.88182329769274,24.985931344963422,5.008441193021947,35.84693303320203,4.276871131119865,0.7154401153487205
E01003551,29.45990180032733,20.349154391707582,5.837424986361157,37.97054009819967,6.382978723404255,0.7201446238253705
E01003557,45.34288638689867,17.75844421699079,5.373592630501536,27.686796315250767,3.8382804503582397,0.681849372832046
E01003559,22.31956612432207,16.228619107217355,7.634543178973717,48.85273258239466,4.964539007092199,0.6768946512023355
E01003561,73.02977232924694,10.44950379451255,2.7437244600116752,9.98248686514886,3.794512551079977,0.4435883830561187
E01003567,68.56995884773663,9.77366255144033,2.880658436213992,15.380658436213993,3.3950617283950617,0.49462469728530534
E01003575,65.01510574018127,11.057401812688822,2.416918429003021,17.885196374622357,3.625377643504532,0.5311904783636513
E01003619,28.680611423974256,24.7385358004827,7.52212389380531,33.306516492357204,5.752212389380531,0.7366433038693272
E01003628,62.048549437537005,3.7892243931320304,1.5985790408525755,24.45233866193014,8.111308466548254,0.5469353645168946
E01003644,59.66081162931557,7.631738340399758,2.301635372501514,22.83464566929134,7.571168988491824,0.5798302957552661
E01003647,61.12234580384226,3.8928210313447926,4.3478260869565215,22.396359959555106,8.240647118301315,0.5660495991804695
E01003654,21.83637433784579,9.888169511477338,6.886403766921719,56.68040023543261,4.7086521483225425,0.6143135126745956
E01003655,16.48631444939529,5.092297899427116,7.2565245066836415,67.47294716740929,3.6919159770846597,0.5083383947025192
E01003663,50.792028615227395,10.168625447112928,3.372508942258559,30.505876341338784,5.1609606540623405,0.6348151062874803
E01003678,64.57317073170732,4.2682926829268295,2.9878048780487805,19.20731707317073,8.963414634146341,0.5353896490184413
E01003681,55.58312655086849,8.734491315136477,2.977667493796526,25.6575682382134,7.0471464019851116,0.6117385120282742
E01003702,28.970718722271517,7.808340727595386,3.85980479148181,55.9449866903283,3.4161490683229814,0.5943317568530441
E01003704,32.104228121927235,7.669616519174041,6.096361848574238,49.01671583087512,5.11307767944936,0.6444547897154471
E01003705,39.23841059602649,6.622516556291391,3.849337748344371,44.66059602649007,5.629139072847682,0.6375415963115653
E01003724,23.144399460188932,9.244264507422402,3.913630229419703,58.97435897435898,4.723346828609987,0.5863278824071494
E01003729,70.82392776523702,7.279909706546276,1.5237020316027088,14.390519187358915,5.981941309255079,0.4685781838378795
E01003731,67.58280479210713,10.218463706835799,3.382663847780127,13.31923890063425,5.496828752642706,0.5109087829968896
E01003734,65.85100598151169,8.482871125611746,2.55573681348559,17.45513866231648,5.655247417074497,0.5248490428960345
E01003738,71.36842105263158,5.684210526315789,2.0210526315789474,16.71578947368421,4.2105263157894735,0.4573007423822715
E01003743,65.3522607781283,7.9390115667718195,3.1019978969505786,18.769716088328074,4.837013669821241,0.528073277229901
E01003755,69.4789081885856,5.913978494623656,1.9851116625310175,14.474772539288669,8.14722911497105,0.4857869124658526
E01003756,66.03849238171613,9.663191659983962,1.9647153167602245,15.11627906976744,7.217321571772254,0.5261088521031065
E01003759,29.81132075471698,2.7044025157232707,5.031446540880504,59.74842767295597,2.7044025157232707,0.5501467505241091
E01003763,39.95,12.5,5.3,37.75,4.5,0.6774344999999999
E01003766,63.230556833870224,5.7984353428439945,1.6106764841233319,23.469857340082832,5.890473999079614,0.5380148663819384
E01003767,58.522212148685405,8.5675430643699,2.3118766999093383,23.30009066183137,7.298277425203989,0.5900244038964039
E01003776,14.859437751004014,8.49110728628801,5.622489959839357,66.8387837062536,4.188181296615031,0.5190521943523623
E01003778,19.73347001537673,4.202972834443875,5.279343926191697,67.70886724756535,3.075345976422348,0.49711052513910114
E01003782,73.01038062283737,6.170703575547866,2.1337946943483272,13.264129181084197,5.4209919261822375,0.4421529382497281
E01003789,24.87770789657582,3.3542976939203357,7.337526205450734,61.63522012578616,2.795248078266946,0.5509295274204363
E01003795,19.886822958771223,4.7696038803556995,5.012126111560226,67.90622473726758,2.4252223120452707,0.493950668194167
E01003815,4.570567553992968,1.757910597689603,5.876443997990959,85.68558513309894,2.109492717227524,0.2595017609377811
E01003818,8.136645962732919,1.5527950310559007,6.956521739130435,77.01863354037268,6.3354037267080745,0.39109833725550713
E01003821,12.300413956238913,1.5966883500887048,5.854523950325252,76.52276759314014,3.7256061502069784,0.3942260850832723
E01003822,8.949152542372882,0.6101694915254238,3.593220338983051,84.13559322033898,2.711864406779661,0.2820476874461363
E01003826,7.816862088218872,3.573422668900056,5.30429927414852,81.46286990508096,1.8425460636515913,0.32583975775646024
E01003829,8.82178804026051,3.374777975133215,6.867969212551806,78.27116637063352,2.664298401420959,0.37301439572955064
E01003840,43.859649122807014,2.357456140350877,3.9473684210526314,43.03728070175439,6.798245614035088,0.6156768188288704
E01003855,7.831950207468879,4.823651452282158,7.157676348547717,75.0,5.186721991701245,0.4212258526884868
E01003861,11.122448979591837,2.142857142857143,6.581632653061225,75.0,5.153061224489796,0.41768273635985
E01003863,9.77961432506887,1.6528925619834711,7.575757575757576,76.99724517906336,3.994490358126722,0.38997032685988364
E01003870,9.173003802281368,1.520912547528517,6.606463878326996,80.98859315589354,1.7110266159695817,0.3307817627839059
E01003880,6.923076923076923,1.0256410256410255,4.423076923076923,87.05128205128206,0.576923076923077,0.23531969099276784
E01003886,5.036407766990291,1.3349514563106795,4.854368932038835,86.95388349514563,1.820388349514563,0.23849959350551408
E01003891,3.8879359634076613,1.6009148084619784,4.002287021154945,87.93596340766152,2.5728987993138936,0.2226949255655687
E01003898,5.89622641509434,1.4150943396226416,4.716981132075472,85.61320754716981,2.358490566037736,0.2605798326806693
E01003914,7.1736785329018335,16.450916936353828,7.713052858683926,63.96979503775621,4.692556634304207,0.5504259718920227
E01003922,7.544642857142857,37.901785714285715,7.410714285714286,36.42857142857142,10.714285714285714,0.7009777582908163
E01003932,13.445378151260504,28.054298642533936,6.658047834518423,42.21073044602456,9.631544925662574,0.7113336110636388
E01003941,10.531594784353059,17.65295887662989,7.57271815446339,57.221664994984955,7.021063189568706,0.6196498220841058
E01003958,6.113989637305699,12.849740932642487,6.787564766839378,69.94818652849742,4.300518134715025,0.48401889983623714
E01003970,13.557929334428923,38.78389482333608,6.4092029580936725,31.388660640920296,9.860312243221035,0.7188440397572327
E01003973,6.917475728155339,34.04126213592233,6.371359223300971,45.0242718446602,7.6456310679611645,0.6667106053822227
E01003976,9.003350083752094,20.477386934673365,8.333333333333332,56.36515912897823,5.8207705192629815,0.6219259334079668
E01003981,14.777998674618953,21.139827700463883,5.964214711729622,51.95493704440026,6.163021868787276,0.6561848260997303
E01003989,12.54971277065842,40.96332302253646,6.0539107379584625,29.474149359257623,10.95890410958904,0.7139037981367145
E01004002,3.6363636363636362,16.95014662756598,8.563049853372434,68.56304985337243,2.287390029325513,0.4920019607674513
E01004008,10.526315789473683,51.43540669856459,5.311004784688995,25.50239234449761,7.22488038277512,0.6512817929992445
E01004012,9.373668512995312,40.94588836812953,9.671921602045163,31.529612270984238,8.47890924584576,0.7076014144919158
E01004013,12.492563950029744,48.18560380725758,7.138607971445568,26.650803093396785,5.532421177870315,0.673025071830208
E01004024,10.290371879775853,25.674987264391234,5.399898115129903,52.827305145185946,5.807437595517065,0.6381293875567069
E01004031,16.07211354046797,13.885692366705024,5.830456463367856,58.53471423091676,5.677023398542386,0.6056339126505621
E01004033,14.534883720930234,21.843853820598007,6.395348837209303,51.411960132890364,5.813953488372093,0.6593691018862926
E01004035,11.227336122733613,20.502092050209207,6.2761506276150625,57.11297071129707,4.881450488145049,0.6128501096113708
E01004039,14.600908500973395,20.246593121349772,5.4510058403634005,49.18883841661259,10.512654120700844,0.6817117751815929
E01004053,13.98936170212766,4.042553191489362,7.3936170212765955,70.2127659574468,4.361702127659575,0.47844330013580805
E01004068,6.966998428496594,44.63069669984285,5.919329491880566,40.02095337873232,2.462022001047669,0.6316785121674207
E01004073,4.736842105263158,5.7894736842105265,6.947368421052631,80.10526315789474,2.4210526315789473,0.3473063711911357
E01004083,11.776447105788424,13.70592149035263,3.592814371257485,68.13040585495675,2.7944111776447107,0.5010993758767673
E01004098,9.582689335394127,2.472952086553323,4.01854714064915,82.38021638330757,1.545595054095827,0.3097018936525494
E01004111,15.452930728241562,1.5985790408525755,3.433984606275903,75.66607460035524,3.8484310242747193,0.40066939599070495
E01004112,14.191220685508119,2.4052916416115453,4.2092603728202045,78.05171377029465,1.142513529765484,0.36817305950421053
E01004135,20.137931034482758,4.0,2.9655172413793105,69.37931034482759,3.517241379310345,0.47438097502972665
E01004141,14.521452145214523,10.891089108910892,5.9405940594059405,64.68646864686468,3.9603960396039604,0.543519698504504
E01004157,20.98765432098765,1.3117283950617282,5.787037037037037,68.90432098765432,3.009259259259259,0.4767446844993144
E01004172,14.520266803488969,11.287839917906618,5.900461775269369,64.44330425859415,3.8481272447408927,0.5459183525724338
E01004194,14.90566037735849,3.018867924528302,3.5849056603773586,74.21383647798741,4.276729559748428,0.4229872236066613
E01004204,43.57601713062099,8.886509635974305,4.282655246252676,39.5610278372591,3.6937901498929335,0.6425100532351471
E01004211,38.211879975505205,2.9393753827311695,6.552357624004899,49.60195958358849,2.694427434170239,0.6020664576934167
E01004230,32.05786280914606,5.5529631357909475,6.672888474101726,53.149790013999066,2.5664955669622023,0.6065443513907285
E01004242,49.78361916973874,10.209969546401666,4.27953197627825,32.10450392691136,3.6223753806699794,0.6355212614496433
E01004243,63.191763191763194,7.014157014157014,3.088803088803089,23.873873873873876,2.8314028314028317,0.5370083265836161
E01004246,40.18084204577564,10.991805594800791,5.707827069793727,39.41791466515965,3.701610624470189,0.6664626934634865
E01004249,53.30595482546201,13.839835728952771,5.133470225872689,24.55852156057495,3.162217659137577,0.6327461008816497
E01004251,54.18280402788535,6.932610379550735,3.9504260263361735,31.061192873741284,3.8729666924864445,0.6020759221470695
E01004275,36.13211301233585,6.963788300835655,6.764822920811779,46.67727815360128,3.46199761241544,0.6409459509317961
E01004281,35.30005042864347,3.2274331820474034,6.00100857286939,50.025214321734744,5.446293494704992,0.6175293830133033
E01004288,54.7077922077922,11.742424242424242,4.653679653679654,27.164502164502164,1.7316017316017316,0.6106607587938757
E01004321,61.85374941779227,4.56450861667443,3.213786679087098,26.22263623660922,4.145319049836981,0.5438140198008117
E01004332,24.524421593830333,17.583547557840618,5.3984575835475574,47.095115681233935,5.3984575835475574,0.6813134991177695
E01004341,16.520392359318535,36.03510583376355,6.0402684563758395,36.86112545172948,4.543107898812597,0.7012680541870149
E01004342,19.331742243436754,16.75417661097852,7.494033412887828,49.02147971360382,7.398568019093078,0.6831576489083566
E01004347,11.452130096197893,14.383875400824554,6.184150251946862,62.666055886394865,5.313788364635822,0.5668438223233754
E01004352,5.212765957446808,4.202127659574468,3.882978723404255,84.46808510638299,2.2340425531914896,0.28002433227704837
E01004364,38.68354430379747,17.873417721518987,6.025316455696203,32.151898734177216,5.265822784810126,0.7086346418843135
E01004366,26.147498710675602,12.841670964414648,6.085611139762764,49.406910778751936,5.518308406395049,0.6642870574704878
E01004397,26.925722145804677,9.662998624484182,6.361760660247592,50.06877579092159,6.980742778541953,0.6585546866870124
E01004398,29.5968534906588,16.912487708947886,5.2114060963618485,41.19960668633235,7.079646017699115,0.7063306290601563
E01004405,26.527050610820247,13.089005235602095,6.5735892961023845,49.09831297265852,4.712041884816754,0.6648933776114134
E01004435,20.027881040892193,17.611524163568774,6.5055762081784385,49.02416356877323,6.830855018587361,0.6796366481944693
E01004438,24.018691588785046,9.25233644859813,5.420560747663552,57.476635514018696,3.8317757009345796,0.598986811075203
E01004442,20.624593363695514,7.6122316200390365,8.523096942094991,59.791802212101494,3.4482758620689653,0.5857086678668744
E01004444,18.86993603411514,14.818763326226012,6.7164179104477615,53.127221037668804,6.467661691542288,0.6514887235060356
E01004448,16.304347826086957,18.064182194616976,6.469979296066253,53.985507246376805,5.175983436853002,0.6424767134326951
E01004449,32.77133825079031,24.077976817702844,8.640674394099051,28.02950474183351,6.480505795574289,0.7443979076194676
E01004492,11.818703384968446,8.720596672403902,5.450372920252438,70.45324153757889,3.5570854847963282,0.47782507787069917
E01004494,9.392575928008998,11.192350956130484,5.62429696287964,70.86614173228347,2.924634420697413,0.4724314550669917
E01004502,9.375,2.0220588235294117,6.372549019607843,79.2892156862745,2.941176470588235,0.35719810289311815
E01004506,10.276143051154369,2.761430511543685,6.382978723404255,76.7768220914441,3.802625622453599,0.39368925960528944
E01004522,12.094907407407407,15.104166666666666,7.928240740740741,60.416666666666664,4.456018518518518,0.5892690650720165
E01004544,15.344603381014304,5.526657997399219,4.746423927178153,72.75682704811443,1.6254876462938883,0.4415272566165168
E01004554,6.2764031382015695,2.655401327700664,4.164152082076042,84.7314423657212,2.172601086300543,0.27520779240172355
E01004584,9.49330227140361,36.808386721025045,8.095515433896331,38.613861386138616,6.988934187536401,0.6949607016613135
E01004585,6.322155030236394,6.761957119296317,6.597031335898845,78.77954920285872,1.5393073117097307,0.36621986296381026
E01004599,5.363984674329502,2.6181353767560664,5.300127713920817,84.03575989782887,2.681992337164751,0.2867079657276512
E01004604,4.731457800511509,1.2148337595907928,4.859335038363171,87.0843989769821,2.1099744245524295,0.23643798117490067
E01004627,5.4579673776662485,5.834378920953576,4.705144291091593,82.05771643663739,1.944792973651192,0.31767811854051176
E01004636,19.972640218878247,8.41313269493844,5.266757865937072,59.097127222982216,7.250341997264022,0.5957536197439559
E01004643,19.204448246364414,9.409751924721984,7.18562874251497,58.25491873396065,5.945252352437981,0.6062030893608117
E01004654,14.011437908496733,3.022875816993464,8.905228758169935,67.07516339869281,6.985294117647059,0.5167366851424666
E01004665,19.446366782006923,12.525951557093427,7.474048442906573,40.069204152249135,20.484429065743946,0.7383925000897977
E01004717,14.478918058870327,1.511535401750199,6.443914081145586,70.80350039777248,6.762132060461417,0.46876900653081
E01004718,15.434083601286176,18.810289389067524,7.931404072883172,38.90675241157556,18.917470525187564,0.7473448831633713
E01004754,14.522156967431926,13.027229044313934,5.97971169247197,43.45969033635878,23.011211959423385,0.7165380748541459
E01004756,14.559894109861018,10.522832561217736,6.618133686300463,56.651224354731966,11.647915287888816,0.6288444633464455
E01032577,32.2508398656215,5.711086226203808,4.1993281075028,54.25531914893617,3.5834266517357225,0.5953151863003152
E01032579,12.5,29.786245353159853,8.317843866171003,44.37732342007435,5.018587360594796,0.6892810008153564
E01032639,17.466110531803963,12.773722627737227,7.247132429614181,55.995828988529716,6.517205422314912,0.6301239234038759
E01032646,11.566424322538003,10.310641110376736,7.7990746860541975,65.96166556510245,4.362194315928618,0.5329112878953017
E01032719,17.81011781011781,22.314622314622316,5.8212058212058215,42.55024255024255,11.503811503811503,0.7208110077132945
E01032741,16.20149761742682,11.708645336963922,5.105513955071477,63.24029952348537,3.7440435670524166,0.5560999480528146
E01032744,47.796399751707014,11.1731843575419,3.910614525139665,26.939788950962136,10.180012414649287,0.6745986334638374
E01032767,28.040973111395644,2.176696542893726,7.36235595390525,57.618437900128036,4.801536491677337,0.5811822395202316
E01032783,34.58301453710788,7.651109410864574,6.426931905126243,48.12547819433818,3.2134659525631215,0.6377782161734032
E01032784,30.422039859320048,6.3305978898007025,5.861664712778429,54.513481828839396,2.87221570926143,0.6020094583766831
E01033081,17.83716594157862,9.322560596643878,5.593536357986327,56.86761963952765,10.379117464263517,0.6221985483303405
E01033093,9.096278795038392,5.316007088009451,6.2906083874778504,71.76609568812758,7.531010041346723,0.46423374242782134
E01033325,20.381231671554254,8.870967741935484,7.697947214076247,56.37829912023461,6.671554252199413,0.6223630687730584
E01033571,7.13809206137425,1.734489659773182,6.671114076050701,79.85323549032688,4.603068712474983,0.3503807964482438
E01033573,30.71638861629048,14.22963689892051,6.149820085050703,38.959764474975465,9.94438992476284,0.7199446478098123
E01033588,24.02555910543131,34.37699680511182,5.431309904153355,30.415335463258785,5.7507987220447285,0.7253331155773766
E01033602,21.166448230668415,15.006553079947576,5.83224115334207,33.22411533420708,24.770642201834864,0.7575343242254396
E01033603,13.787638668779714,12.123613312202853,5.388272583201268,50.079239302694134,18.62123613312203,0.6779204894502475
E01033604,13.597972972972974,6.841216216216216,5.996621621621621,38.42905405405405,35.13513513513514,0.7021063504382761
E01033706,12.802768166089965,10.242214532871973,6.782006920415225,65.19031141868513,4.982698961937716,0.5410586559068975
E01033726,16.80957773823006,16.146254651350915,5.581621096909886,57.82235884161139,3.640187671897751,0.6068905914631948
E01033730,14.095001552312947,11.64234709717479,7.792610990375659,62.682396771189076,3.787643588947532,0.5661632790324208
E01033746,4.952510176390773,10.515603799185888,5.223880597014925,77.6797829036635,1.6282225237449117,0.38008060106523023
