LSOA_name,Total_POI_count,pub,cafe,fast_food,school,bus_stop,post_box,restaurant,telephone,supermarket,convenience
E01033708,190,19.0,39,42,2,15,8,47.0,7.0,1.0,10
E01000914,178,18.0,30,26,2,20,15,39.0,22.0,1.0,5
E01002968,140,10.0,15,18,1,41,8,23.0,18.0,4.0,2
E01003876,139,18.0,34,16,2,13,8,38.0,5.0,2.0,3
E01004609,92,4.0,19,20,1,11,6,19.0,3.0,4.0,5
E01000851,84,7.0,21,7,1,2,4,39.0,2.0,0.0,1
E01004749,76,7.0,11,5,1,5,2,26.0,11.0,1.0,7
E01004142,76,9.0,10,12,1,10,8,13.0,3.0,7.0,3
E01004762,72,3.0,12,1,0,10,5,24.0,13.0,0.0,4
E01000916,69,10.0,15,12,1,6,3,16.0,2.0,0.0,4
E01000854,68,8.0,18,9,0,4,2,10.0,11.0,2.0,4
E01000010,66,1.0,6,12,2,12,3,8.0,11.0,3.0,8
E01002987,61,5.0,11,9,3,11,5,7.0,4.0,3.0,3
E01002726,61,5.0,9,5,2,10,1,17.0,6.0,0.0,6
E01004658,60,3.0,7,5,2,2,4,20.0,9.0,4.0,4
E01002642,54,1.0,4,7,2,10,3,10.0,4.0,6.0,7
E01033699,51,2.0,12,9,1,5,2,9.0,3.0,3.0,5
E01002695,51,3.0,9,10,3,4,1,11.0,4.0,1.0,5
E01003939,50,10.0,10,7,0,6,4,4.0,4.0,0.0,5
E01004293,50,3.0,9,4,1,8,3,17.0,2.0,2.0,1
E01002554,49,3.0,3,9,2,10,3,7.0,1.0,3.0,8
E01002345,49,1.0,6,9,3,10,5,3.0,2.0,1.0,9
E01002535,49,2.0,6,4,0,13,1,13.0,4.0,1.0,5
E01004727,47,2.0,15,5,0,13,5,3.0,2.0,0.0,2
E01033491,46,3.0,11,5,0,5,2,9.0,4.0,2.0,5
E01000956,46,5.0,13,2,0,4,1,13.0,5.0,0.0,3
E01004067,45,3.0,5,5,3,9,3,3.0,7.0,5.0,2
E01004600,45,1.0,7,9,1,8,1,8.0,4.0,1.0,5
E01002803,44,4.0,12,4,2,4,1,10.0,2.0,1.0,4
E01002022,44,2.0,13,3,2,10,2,7.0,0.0,3.0,2
E01003807,44,2.0,14,6,1,5,4,7.0,0.0,1.0,4
E01033704,44,3.0,7,6,0,4,2,13.0,1.0,0.0,8
E01033490,44,5.0,8,7,1,4,2,15.0,1.0,0.0,1
E01004247,43,1.0,7,16,0,5,1,2.0,2.0,0.0,9
E01002693,42,1.0,7,3,1,6,3,15.0,1.0,3.0,2
E01004430,40,1.0,5,7,0,12,2,3.0,2.0,1.0,7
E01002002,40,3.0,6,8,0,8,3,8.0,1.0,1.0,2
E01002003,40,0.0,9,7,0,6,2,10.0,3.0,1.0,2
E01004074,40,1.0,7,5,2,12,3,7.0,1.0,0.0,2
E01002570,39,2.0,5,2,0,5,3,14.0,3.0,1.0,4
E01002730,39,3.0,12,5,1,1,1,8.0,1.0,0.0,7
E01003566,39,0.0,6,2,0,6,1,15.0,2.0,3.0,4
E01000858,38,3.0,12,4,1,3,2,9.0,3.0,1.0,0
E01001536,38,6.0,4,2,4,10,2,5.0,5.0,0.0,0
E01002734,37,0.0,9,5,0,6,2,9.0,1.0,1.0,4
E01003081,37,3.0,5,10,1,4,4,4.0,0.0,0.0,6
E01003515,37,3.0,6,3,2,12,2,2.0,3.0,0.0,4
E01033737,37,4.0,0,6,2,11,3,4.0,1.0,2.0,4
E01003689,37,1.0,2,4,1,9,3,7.0,7.0,1.0,2
E01003909,36,0.0,6,9,0,4,2,7.0,2.0,3.0,3
E01003016,36,1.0,5,1,0,9,2,14.0,3.0,0.0,1
E01000206,36,1.0,0,0,3,23,9,0.0,0.0,0.0,0
E01004715,36,4.0,4,5,1,3,4,9.0,3.0,0.0,3
E01003591,36,3.0,5,2,2,8,2,7.0,3.0,0.0,4
E01003032,35,4.0,4,2,3,5,2,7.0,5.0,0.0,3
E01004591,35,1.0,4,5,0,4,2,15.0,1.0,0.0,3
E01000946,35,2.0,3,3,1,12,3,1.0,5.0,2.0,3
E01004660,34,1.0,5,6,2,3,3,10.0,0.0,1.0,3
E01000333,34,5.0,1,8,1,7,1,4.0,1.0,1.0,5
E01033083,34,0.0,6,12,1,10,2,0.0,0.0,1.0,2
E01003935,34,2.0,6,2,0,3,1,19.0,0.0,0.0,1
E01001388,33,3.0,1,2,0,7,2,13.0,3.0,0.0,2
E01004681,33,1.0,6,4,0,8,2,9.0,2.0,0.0,1
E01003953,33,2.0,5,4,2,6,3,4.0,5.0,0.0,2
E01001076,32,0.0,2,10,1,4,4,1.0,3.0,2.0,5
E01000556,32,1.0,2,10,0,6,2,3.0,0.0,0.0,8
E01000972,32,0.0,3,6,0,4,2,11.0,2.0,3.0,1
E01004476,32,0.0,2,6,2,7,4,3.0,2.0,1.0,5
E01002529,32,2.0,2,8,1,5,2,3.0,0.0,0.0,9
E01004099,31,4.0,4,1,3,9,4,4.0,2.0,0.0,0
E01033731,31,5.0,3,3,0,9,2,2.0,3.0,0.0,4
E01004470,31,0.0,6,5,3,4,2,2.0,3.0,1.0,5
E01001953,31,1.0,5,5,1,3,1,8.0,2.0,2.0,3
E01004508,31,5.0,3,2,2,5,2,8.0,2.0,0.0,2
E01004464,30,2.0,5,6,1,8,2,2.0,0.0,1.0,3
E01004217,30,1.0,4,1,3,11,2,3.0,1.0,1.0,3
E01002077,30,2.0,1,2,4,9,3,1.0,3.0,2.0,3
E01000162,29,0.0,3,7,1,7,2,4.0,0.0,1.0,4
E01003887,29,5.0,8,1,0,4,1,8.0,0.0,1.0,1
E01001730,29,1.0,3,7,3,5,1,2.0,3.0,1.0,3
E01004221,29,1.0,1,12,0,7,3,0.0,2.0,0.0,3
E01003327,29,2.0,0,7,0,5,4,5.0,0.0,4.0,2
E01004417,29,1.0,4,7,1,4,4,4.0,1.0,3.0,0
E01000904,29,2.0,3,2,1,3,0,12.0,1.0,2.0,3
E01001891,29,2.0,3,1,1,2,2,8.0,3.0,1.0,6
E01001064,28,0.0,1,0,6,13,6,2.0,0.0,0.0,0
E01003493,28,1.0,3,5,1,5,2,3.0,1.0,0.0,7
E01033100,27,2.0,7,2,2,6,1,3.0,1.0,0.0,3
E01003285,27,1.0,2,5,2,5,3,4.0,3.0,1.0,1
E01003711,27,0.0,0,5,3,9,4,3.0,3.0,0.0,0
E01003226,27,1.0,3,3,0,8,2,4.0,1.0,0.0,5
E01004348,27,1.0,4,4,1,7,2,1.0,1.0,0.0,6
E01002883,27,2.0,7,2,1,2,4,3.0,2.0,1.0,3
E01003481,27,0.0,3,1,3,14,3,2.0,0.0,0.0,1
E01003701,26,1.0,5,5,3,5,1,3.0,0.0,2.0,1
E01000459,26,1.0,2,5,0,8,3,4.0,1.0,0.0,2
E01033581,26,2.0,3,2,2,11,2,2.0,2.0,0.0,0
E01032766,26,4.0,4,0,1,0,2,7.0,1.0,3.0,4
E01001779,26,3.0,4,2,1,7,2,4.0,0.0,1.0,2
E01001829,26,3.0,5,1,1,3,0,8.0,2.0,1.0,2
E01001261,25,0.0,0,0,3,15,2,0.0,2.0,2.0,1
E01003062,25,3.0,5,3,1,3,1,5.0,1.0,0.0,3
E01003690,25,0.0,4,4,1,9,1,3.0,2.0,0.0,1
E01004262,25,2.0,3,4,1,3,2,4.0,1.0,0.0,5
E01000752,25,2.0,1,1,2,15,2,1.0,0.0,0.0,1
E01002008,25,3.0,0,0,4,9,6,2.0,1.0,0.0,0
E01001018,25,1.0,3,1,1,15,2,1.0,0.0,0.0,1
E01002772,25,1.0,4,5,1,3,1,6.0,0.0,1.0,3
E01002558,25,0.0,1,7,0,5,3,3.0,2.0,0.0,4
E01002497,24,1.0,2,6,0,5,3,1.0,1.0,4.0,1
E01003569,24,0.0,3,1,0,3,1,7.0,0.0,1.0,8
E01001015,24,0.0,2,0,1,15,5,0.0,1.0,0.0,0
E01004460,24,0.0,4,6,0,4,1,5.0,1.0,0.0,3
E01003101,24,1.0,3,2,3,3,3,6.0,2.0,1.0,0
E01004094,23,1.0,1,2,0,12,2,2.0,1.0,0.0,2
E01000960,23,0.0,5,1,0,6,3,3.0,2.0,1.0,2
E01001042,23,4.0,3,4,1,1,2,2.0,1.0,1.0,4
E01033711,23,2.0,4,4,0,5,1,3.0,1.0,0.0,3
E01004195,23,1.0,2,9,0,5,2,3.0,0.0,0.0,1
E01002132,23,2.0,0,0,6,9,1,1.0,2.0,0.0,2
E01032769,23,1.0,3,4,0,4,2,3.0,2.0,0.0,4
E01000912,22,1.0,5,0,2,7,3,0.0,2.0,1.0,1
E01003994,22,1.0,2,6,1,6,0,1.0,3.0,1.0,1
E01033030,22,1.0,3,4,0,1,1,4.0,5.0,1.0,2
E01000298,22,1.0,4,1,1,6,1,2.0,0.0,4.0,2
E01004455,22,0.0,1,1,2,8,2,1.0,1.0,4.0,2
E01033084,22,1.0,1,4,0,7,2,6.0,0.0,0.0,1
E01002578,22,0.0,1,0,1,12,3,3.0,0.0,0.0,2
E01000896,22,1.0,6,1,0,3,3,5.0,1.0,0.0,2
E01002384,21,1.0,0,4,1,11,1,0.0,1.0,1.0,1
E01001238,21,0.0,1,3,0,13,0,1.0,0.0,1.0,2
E01000261,21,1.0,0,0,4,12,3,0.0,1.0,0.0,0
E01000832,21,1.0,3,1,1,11,3,1.0,0.0,0.0,0
E01001352,21,1.0,1,0,0,4,4,5.0,2.0,2.0,2
E01000806,21,0.0,3,3,2,3,1,4.0,1.0,0.0,4
E01000516,21,1.0,2,4,0,4,4,0.0,0.0,0.0,6
E01002598,21,0.0,0,5,0,7,1,3.0,0.0,2.0,3
E01001780,21,2.0,3,5,1,1,2,2.0,3.0,0.0,2
E01004507,21,0.0,4,0,1,3,3,4.0,3.0,0.0,3
E01033132,21,2.0,1,1,0,2,2,10.0,0.0,3.0,0
E01000926,20,1.0,2,2,1,3,4,1.0,0.0,4.0,2
E01002849,20,2.0,1,1,1,1,3,5.0,4.0,1.0,1
E01003933,20,1.0,3,1,1,8,5,0.0,0.0,0.0,1
E01002919,20,1.0,1,0,1,10,6,0.0,0.0,0.0,1
E01004018,20,2.0,3,0,0,8,2,2.0,0.0,0.0,3
E01000859,20,4.0,6,0,0,0,2,7.0,0.0,0.0,1
E01000930,20,2.0,1,2,0,5,1,4.0,1.0,2.0,2
E01000670,20,1.0,0,0,1,11,5,1.0,1.0,0.0,0
E01003640,20,2.0,0,0,2,14,1,1.0,0.0,0.0,0
E01001402,20,1.0,3,1,0,5,3,5.0,0.0,1.0,1
E01004615,19,0.0,2,1,1,5,4,1.0,3.0,0.0,2
E01033741,19,1.0,0,2,1,12,2,0.0,0.0,0.0,1
E01004222,19,2.0,5,2,1,2,1,0.0,4.0,0.0,2
E01003531,19,0.0,2,2,1,10,2,1.0,0.0,0.0,1
E01003107,19,3.0,2,2,0,5,1,4.0,0.0,0.0,2
E01000124,19,0.0,3,3,1,6,3,0.0,0.0,1.0,2
E01001277,19,1.0,0,1,0,12,2,1.0,1.0,1.0,0
E01000085,19,1.0,2,5,0,4,1,0.0,0.0,0.0,6
E01000139,19,0.0,0,1,5,8,2,1.0,0.0,0.0,2
E01000161,19,0.0,0,3,2,7,1,3.0,0.0,0.0,3
E01000316,19,0.0,0,1,2,8,3,5.0,0.0,0.0,0
E01001172,19,0.0,2,2,1,7,3,3.0,0.0,1.0,0
E01004152,19,0.0,1,2,2,8,2,3.0,0.0,0.0,1
E01003503,19,0.0,2,1,1,7,2,3.0,0.0,2.0,1
E01003672,19,0.0,3,1,2,6,2,4.0,0.0,0.0,1
E01003018,19,2.0,2,2,3,2,4,0.0,1.0,1.0,2
E01002026,19,0.0,2,8,0,3,0,1.0,2.0,2.0,1
E01003951,19,1.0,0,0,3,8,4,1.0,2.0,0.0,0
E01001354,19,0.0,0,2,5,7,2,1.0,0.0,0.0,2
E01004103,19,0.0,2,4,0,5,2,1.0,2.0,0.0,3
E01000648,19,2.0,2,0,2,6,4,2.0,0.0,1.0,0
E01003574,19,0.0,1,0,3,7,2,2.0,0.0,0.0,4
E01003571,19,0.0,2,0,2,3,1,7.0,0.0,0.0,4
E01003873,19,0.0,7,3,0,2,4,0.0,1.0,1.0,1
E01000993,19,0.0,3,8,1,2,3,1.0,0.0,0.0,1
E01004663,19,2.0,2,0,1,1,2,5.0,5.0,0.0,1
E01002353,18,1.0,3,2,1,7,1,2.0,0.0,0.0,1
E01003058,18,0.0,1,7,0,1,2,2.0,2.0,0.0,3
E01001386,18,2.0,3,1,0,2,4,5.0,0.0,0.0,1
E01002851,18,1.0,1,3,1,1,1,6.0,2.0,0.0,2
E01001973,18,1.0,1,1,1,7,4,0.0,0.0,1.0,2
E01001163,18,1.0,1,2,3,6,2,1.0,0.0,0.0,2
E01003118,18,1.0,2,4,1,5,3,0.0,0.0,1.0,1
E01002379,18,2.0,1,1,1,9,1,1.0,0.0,1.0,1
E01001928,18,2.0,2,2,2,6,2,1.0,1.0,0.0,0
E01004589,18,0.0,2,2,2,1,3,5.0,1.0,0.0,2
E01004528,18,0.0,1,1,0,7,2,5.0,0.0,0.0,2
E01000207,18,0.0,1,0,2,7,4,1.0,2.0,1.0,0
E01032572,18,2.0,1,0,0,6,5,1.0,2.0,0.0,1
E01004137,18,2.0,3,2,2,7,2,0.0,0.0,0.0,0
E01003804,18,0.0,2,2,2,1,2,8.0,0.0,0.0,1
E01000830,17,0.0,0,0,0,14,3,0.0,0.0,0.0,0
E01001814,17,1.0,0,0,1,6,2,0.0,6.0,1.0,0
E01004291,17,3.0,4,0,0,6,2,1.0,0.0,0.0,1
E01033101,17,1.0,2,3,0,4,1,2.0,0.0,0.0,4
E01000164,17,0.0,0,0,1,9,4,0.0,0.0,1.0,2
E01002955,17,0.0,0,0,0,10,5,1.0,0.0,0.0,1
E01004514,17,3.0,0,1,2,5,0,3.0,1.0,0.0,2
E01001074,17,0.0,1,1,2,9,4,0.0,0.0,0.0,0
E01002790,17,2.0,1,1,1,3,0,4.0,3.0,1.0,1
E01004356,17,1.0,0,0,1,13,2,0.0,0.0,0.0,0
E01004100,17,0.0,3,1,3,4,3,0.0,0.0,0.0,3
E01000601,17,0.0,0,1,2,10,2,1.0,0.0,1.0,0
E01002771,17,1.0,1,3,1,4,2,2.0,1.0,0.0,2
E01003291,17,0.0,2,2,1,3,3,1.0,1.0,0.0,4
E01001773,16,1.0,1,0,1,4,1,5.0,2.0,0.0,1
E01000497,16,0.0,1,1,2,8,1,1.0,0.0,1.0,1
E01003497,16,0.0,2,1,2,8,1,0.0,0.0,0.0,2
E01003523,16,1.0,0,1,2,6,1,1.0,1.0,0.0,3
E01004171,16,1.0,0,2,3,6,2,0.0,0.0,0.0,2
E01001661,16,0.0,0,0,3,10,1,0.0,2.0,0.0,0
E01001220,16,0.0,0,1,1,10,1,0.0,0.0,0.0,3
E01001558,16,0.0,1,7,1,3,1,0.0,0.0,1.0,2
E01004023,16,0.0,1,4,1,2,2,1.0,0.0,1.0,4
E01000698,16,0.0,0,0,1,11,4,0.0,0.0,0.0,0
E01004121,16,0.0,2,4,2,0,2,2.0,0.0,2.0,2
E01000794,16,0.0,0,0,1,12,3,0.0,0.0,0.0,0
E01000820,16,1.0,2,0,2,6,2,1.0,0.0,0.0,2
E01000649,16,0.0,0,0,0,10,5,0.0,0.0,0.0,1
E01003500,16,0.0,1,1,3,8,1,1.0,1.0,0.0,0
E01000352,16,1.0,0,2,1,8,0,1.0,0.0,1.0,2
E01000140,16,0.0,1,0,1,7,2,4.0,0.0,1.0,0
E01002999,16,0.0,2,1,3,2,2,3.0,1.0,0.0,2
E01004412,16,2.0,2,3,0,2,1,3.0,1.0,0.0,2
E01000027,16,1.0,0,1,1,13,0,0.0,0.0,0.0,0
E01002894,16,1.0,3,0,0,4,1,6.0,0.0,0.0,1
E01002109,16,0.0,0,0,3,10,3,0.0,0.0,0.0,0
E01002954,16,1.0,1,0,1,10,2,0.0,0.0,0.0,1
E01003190,16,2.0,0,0,1,9,3,0.0,0.0,1.0,0
E01001137,16,0.0,1,0,1,10,2,1.0,0.0,0.0,1
E01000433,16,0.0,0,0,1,12,2,0.0,1.0,0.0,0
E01004138,16,1.0,1,1,0,6,2,0.0,0.0,0.0,5
E01002637,15,0.0,0,1,0,10,2,0.0,0.0,1.0,1
E01002808,15,1.0,1,4,3,1,1,1.0,1.0,0.0,2
E01000358,15,2.0,0,2,1,3,3,1.0,0.0,1.0,2
E01002895,15,2.0,5,0,0,1,1,5.0,1.0,0.0,0
E01001591,15,1.0,1,5,0,3,1,1.0,1.0,1.0,1
E01001549,15,1.0,2,2,0,3,0,4.0,1.0,0.0,2
E01002633,15,2.0,0,0,2,11,0,0.0,0.0,0.0,0
E01003653,15,1.0,0,0,1,6,2,1.0,3.0,0.0,1
E01000499,15,1.0,0,0,0,10,3,0.0,0.0,0.0,1
E01003352,15,0.0,0,3,0,6,2,1.0,0.0,1.0,2
E01033455,15,2.0,0,2,1,2,3,3.0,0.0,1.0,1
E01000620,15,0.0,0,0,1,7,3,0.0,1.0,0.0,3
E01033738,15,1.0,0,1,1,5,2,2.0,0.0,1.0,2
E01001869,15,1.0,0,0,6,1,3,1.0,3.0,0.0,0
E01003037,15,0.0,1,1,1,3,0,4.0,2.0,0.0,3
E01003486,15,1.0,0,1,1,6,3,0.0,1.0,2.0,0
E01000646,15,1.0,1,1,1,3,3,1.0,1.0,0.0,3
E01000866,15,1.0,2,1,1,3,1,1.0,3.0,1.0,1
E01000482,15,1.0,0,1,2,8,0,0.0,0.0,1.0,2
E01000909,15,0.0,4,0,1,3,3,3.0,0.0,0.0,1
E01002854,15,0.0,1,0,0,6,1,3.0,2.0,1.0,1
E01004156,15,0.0,3,0,1,5,2,3.0,1.0,0.0,0
E01000350,15,1.0,1,2,1,5,2,2.0,0.0,0.0,1
E01001806,15,1.0,4,0,2,3,2,2.0,0.0,0.0,1
E01032569,15,0.0,1,2,1,7,2,0.0,1.0,0.0,1
E01004267,15,0.0,1,4,1,4,0,2.0,3.0,0.0,0
E01003758,15,0.0,1,2,2,2,1,2.0,1.0,0.0,4
E01002573,15,1.0,2,0,1,4,4,1.0,1.0,0.0,1
E01001445,14,1.0,0,0,3,7,0,1.0,1.0,0.0,1
E01002319,14,1.0,1,1,2,6,2,0.0,0.0,1.0,0
E01000864,14,1.0,1,1,1,4,2,0.0,2.0,0.0,2
E01003250,14,0.0,1,0,2,6,1,1.0,1.0,0.0,2
E01004056,14,0.0,1,0,1,8,1,0.0,2.0,0.0,1
E01003154,14,0.0,0,0,3,7,1,0.0,2.0,0.0,1
E01003854,14,3.0,1,1,0,3,1,3.0,0.0,1.0,1
E01001899,14,2.0,2,3,2,1,1,1.0,0.0,2.0,0
E01001518,14,0.0,0,1,2,7,1,3.0,0.0,0.0,0
E01000288,14,0.0,0,0,3,8,3,0.0,0.0,0.0,0
E01004710,14,2.0,1,0,3,2,1,1.0,1.0,1.0,2
E01000644,14,1.0,0,1,3,1,2,2.0,1.0,0.0,3
E01001755,14,0.0,4,4,1,1,0,0.0,1.0,1.0,2
E01003165,14,2.0,0,0,1,3,4,2.0,1.0,0.0,1
E01003808,14,1.0,4,2,1,1,1,3.0,1.0,0.0,0
E01002371,14,0.0,1,2,0,5,2,0.0,0.0,0.0,4
E01001266,14,0.0,1,2,1,5,2,0.0,0.0,2.0,1
E01002557,14,1.0,0,0,0,10,1,0.0,0.0,0.0,2
E01003572,14,0.0,0,1,2,2,1,5.0,0.0,2.0,1
E01000725,14,2.0,1,1,1,5,3,0.0,0.0,0.0,1
E01000432,14,1.0,0,0,1,7,2,0.0,1.0,0.0,2
E01003516,14,0.0,0,1,3,6,1,0.0,0.0,0.0,3
E01004344,14,0.0,2,2,3,4,1,0.0,0.0,0.0,2
E01000813,14,0.0,0,0,2,8,2,0.0,0.0,1.0,1
E01001347,14,0.0,1,1,3,4,2,1.0,1.0,1.0,0
E01004065,14,1.0,1,2,2,1,3,2.0,1.0,0.0,1
E01004335,14,0.0,1,3,1,4,0,2.0,2.0,1.0,0
E01002281,14,1.0,1,1,0,10,1,0.0,0.0,0.0,0
E01002075,14,0.0,0,0,1,8,3,0.0,1.0,0.0,1
E01002972,14,2.0,0,2,1,3,3,2.0,0.0,1.0,0
E01001950,13,0.0,3,1,2,2,2,1.0,1.0,0.0,1
E01002071,13,0.0,0,1,1,4,1,1.0,1.0,1.0,3
E01002548,13,1.0,0,1,0,9,1,1.0,0.0,0.0,0
E01003471,13,0.0,0,0,1,8,2,0.0,0.0,1.0,1
E01004705,13,2.0,3,1,0,1,1,2.0,1.0,0.0,2
E01002110,13,0.0,0,0,0,8,4,0.0,0.0,0.0,1
E01001162,13,0.0,0,0,4,6,3,0.0,0.0,0.0,0
E01001719,13,1.0,2,1,0,4,1,0.0,1.0,0.0,3
E01003878,13,0.0,0,0,3,6,4,0.0,0.0,0.0,0
E01003321,13,1.0,1,1,2,7,0,0.0,0.0,1.0,0
E01000407,13,0.0,0,0,1,9,3,0.0,0.0,0.0,0
E01003358,13,0.0,0,0,1,4,2,3.0,2.0,0.0,1
E01000344,13,1.0,0,1,0,6,1,2.0,0.0,0.0,2
E01002263,13,1.0,0,0,4,7,1,0.0,0.0,0.0,0
E01001185,13,1.0,0,0,3,5,3,0.0,1.0,0.0,0
E01002407,13,0.0,0,1,0,9,1,0.0,0.0,0.0,2
E01001930,13,2.0,0,0,0,8,1,2.0,0.0,0.0,0
E01000574,13,1.0,0,2,0,4,2,1.0,1.0,0.0,2
E01003264,13,0.0,0,1,0,8,3,0.0,0.0,1.0,0
E01000223,13,0.0,0,0,1,12,0,0.0,0.0,0.0,0
E01002564,13,1.0,0,1,0,4,3,0.0,1.0,0.0,3
E01002485,13,0.0,1,0,0,7,2,2.0,0.0,0.0,1
E01001231,13,0.0,1,0,0,3,5,2.0,0.0,0.0,2
E01004614,13,0.0,1,0,0,3,1,2.0,2.0,0.0,4
E01002861,13,1.0,3,0,2,2,2,3.0,0.0,0.0,0
E01003122,13,0.0,3,4,0,2,1,0.0,1.0,0.0,2
E01002568,13,0.0,0,1,0,8,2,0.0,1.0,1.0,0
E01001337,13,0.0,0,0,0,9,4,0.0,0.0,0.0,0
E01004061,13,1.0,0,1,2,3,0,4.0,1.0,0.0,1
E01000673,13,0.0,0,0,0,11,2,0.0,0.0,0.0,0
E01033082,13,2.0,1,1,1,6,1,1.0,0.0,0.0,0
E01001026,13,0.0,0,0,1,8,2,0.0,0.0,0.0,2
E01004406,13,0.0,2,1,1,4,2,0.0,0.0,0.0,3
E01000915,13,1.0,4,0,2,0,2,0.0,3.0,0.0,1
E01002729,13,2.0,2,0,2,4,1,0.0,0.0,0.0,2
E01002350,13,1.0,0,0,0,9,2,1.0,0.0,0.0,0
E01002253,13,0.0,0,0,2,9,2,0.0,0.0,0.0,0
E01000287,13,0.0,1,1,1,8,0,0.0,0.0,0.0,2
E01002798,13,3.0,0,1,0,5,2,0.0,1.0,0.0,1
E01033725,13,1.0,0,0,4,7,1,0.0,0.0,0.0,0
E01033341,13,0.0,0,2,0,5,2,1.0,1.0,1.0,1
E01000755,12,0.0,0,0,0,11,1,0.0,0.0,0.0,0
E01001278,12,0.0,1,0,1,7,3,0.0,0.0,0.0,0
E01002066,12,0.0,2,0,1,6,0,2.0,0.0,0.0,1
E01002967,12,2.0,0,0,1,7,2,0.0,0.0,0.0,0
E01000535,12,0.0,0,0,2,6,2,0.0,0.0,1.0,1
E01001117,12,0.0,0,1,3,1,2,2.0,0.0,0.0,3
E01003174,12,0.0,0,1,2,5,0,0.0,2.0,0.0,2
E01003211,12,1.0,0,0,2,3,2,1.0,3.0,0.0,0
E01003230,12,0.0,0,2,1,2,4,0.0,1.0,0.0,2
E01004708,12,0.0,2,0,1,4,3,0.0,2.0,0.0,0
E01002007,12,1.0,3,1,0,2,2,2.0,0.0,1.0,0
E01003445,12,0.0,1,0,0,7,4,0.0,0.0,0.0,0
E01004370,12,0.0,1,0,2,4,2,1.0,0.0,0.0,2
E01003272,12,0.0,1,3,0,2,1,1.0,1.0,1.0,2
E01000838,12,0.0,1,1,2,2,3,1.0,1.0,0.0,1
E01000365,12,0.0,1,2,2,6,1,0.0,0.0,0.0,0
E01003312,12,1.0,0,0,2,5,3,0.0,0.0,1.0,0
E01002793,12,0.0,3,2,1,4,0,0.0,2.0,0.0,0
E01000508,12,0.0,1,1,1,6,3,0.0,0.0,0.0,0
E01002176,12,0.0,0,1,0,3,1,3.0,2.0,0.0,2
E01000823,12,2.0,1,0,0,0,4,3.0,1.0,0.0,1
E01004034,12,1.0,1,1,0,4,2,0.0,0.0,1.0,2
E01003435,12,0.0,0,0,0,8,3,1.0,0.0,0.0,0
E01032787,12,1.0,0,1,1,2,3,0.0,1.0,0.0,3
E01000678,12,1.0,0,2,0,2,4,2.0,0.0,1.0,0
E01001686,12,0.0,0,0,1,8,3,0.0,0.0,0.0,0
E01001560,12,0.0,0,0,2,8,2,0.0,0.0,0.0,0
E01002490,12,1.0,0,0,1,9,1,0.0,0.0,0.0,0
E01032778,12,0.0,2,0,1,4,1,3.0,0.0,0.0,1
E01001233,12,1.0,1,1,1,2,2,0.0,2.0,1.0,1
E01001544,12,0.0,0,0,3,7,1,0.0,0.0,1.0,0
E01001511,12,1.0,1,0,0,8,1,0.0,0.0,1.0,0
E01001071,12,0.0,0,0,1,9,2,0.0,0.0,0.0,0
E01003007,12,1.0,0,0,0,6,2,1.0,1.0,0.0,1
E01001775,12,2.0,0,0,1,5,1,2.0,0.0,0.0,1
E01001784,12,0.0,1,1,2,4,1,0.0,1.0,0.0,2
E01001994,12,0.0,1,1,0,2,5,2.0,0.0,1.0,0
E01004205,12,0.0,1,3,2,2,1,0.0,0.0,0.0,3
E01002530,12,1.0,0,0,2,8,0,0.0,0.0,0.0,1
E01004513,12,1.0,1,0,0,3,1,0.0,5.0,1.0,0
E01002276,12,0.0,0,0,2,9,1,0.0,0.0,0.0,0
E01002317,12,0.0,0,0,1,8,3,0.0,0.0,0.0,0
E01002615,12,1.0,0,0,2,8,0,0.0,0.0,0.0,1
E01000280,11,0.0,0,1,0,7,3,0.0,0.0,0.0,0
E01000408,11,1.0,0,0,1,8,1,0.0,0.0,0.0,0
E01033705,11,1.0,0,0,1,6,2,0.0,0.0,0.0,1
E01002448,11,2.0,0,0,1,5,1,0.0,1.0,1.0,0
E01002553,11,0.0,0,3,0,5,0,0.0,0.0,0.0,3
E01002577,11,0.0,1,1,0,0,3,4.0,0.0,0.0,2
E01032777,11,0.0,2,1,0,2,3,1.0,0.0,1.0,1
E01000239,11,0.0,4,0,2,4,0,1.0,0.0,0.0,0
E01003326,11,1.0,0,0,1,3,2,2.0,0.0,2.0,0
E01000197,11,0.0,1,0,0,6,2,0.0,0.0,0.0,2
E01001061,11,0.0,1,0,2,7,1,0.0,0.0,0.0,0
E01002885,11,1.0,2,0,2,2,2,1.0,0.0,0.0,1
E01000212,11,0.0,0,0,0,7,4,0.0,0.0,0.0,0
E01001022,11,1.0,0,0,1,8,1,0.0,0.0,0.0,0
E01003114,11,2.0,1,1,0,5,1,0.0,0.0,1.0,0
E01002279,11,0.0,0,0,2,9,0,0.0,0.0,0.0,0
E01001082,11,0.0,0,0,1,9,1,0.0,0.0,0.0,0
E01002258,11,1.0,0,1,0,7,1,0.0,0.0,0.0,1
E01002762,11,0.0,1,1,0,5,3,0.0,0.0,0.0,1
E01000324,11,1.0,1,0,1,3,2,1.0,0.0,0.0,2
E01002745,11,1.0,3,1,1,1,1,0.0,0.0,1.0,2
E01002424,11,0.0,0,0,2,9,0,0.0,0.0,0.0,0
E01003278,11,2.0,1,0,0,3,0,2.0,1.0,0.0,2
E01002905,11,0.0,0,1,5,4,1,0.0,0.0,0.0,0
E01002938,11,1.0,0,1,5,2,2,0.0,0.0,0.0,0
E01002876,11,0.0,0,1,1,1,6,1.0,0.0,0.0,1
E01002945,11,0.0,0,0,0,6,3,0.0,1.0,0.0,1
E01000193,11,0.0,1,0,0,6,2,1.0,0.0,1.0,0
E01003127,11,0.0,3,2,1,2,2,0.0,0.0,0.0,1
E01001044,11,0.0,1,0,4,3,3,0.0,0.0,0.0,0
E01002390,11,0.0,0,4,0,1,5,0.0,0.0,0.0,1
E01004369,11,0.0,1,1,1,1,1,2.0,0.0,0.0,4
E01002200,11,0.0,0,0,2,8,1,0.0,0.0,0.0,0
E01000992,11,1.0,0,0,1,6,2,0.0,0.0,0.0,1
E01000502,11,0.0,1,0,2,6,2,0.0,0.0,0.0,0
E01001499,11,0.0,0,0,0,7,0,4.0,0.0,0.0,0
E01001752,11,0.0,2,0,2,3,1,0.0,1.0,1.0,1
E01000490,11,1.0,0,2,0,2,2,1.0,0.0,0.0,3
E01003009,11,0.0,0,0,1,6,3,0.0,1.0,0.0,0
E01004091,11,0.0,0,0,1,7,3,0.0,0.0,0.0,0
E01001750,11,0.0,1,0,1,1,1,3.0,2.0,0.0,2
E01004601,11,1.0,1,0,0,4,2,0.0,1.0,1.0,1
E01003598,11,1.0,0,1,1,2,1,0.0,0.0,0.0,5
E01001972,11,1.0,2,0,1,5,1,0.0,0.0,0.0,1
E01001191,11,0.0,0,0,1,5,3,0.0,0.0,0.0,2
E01000824,11,0.0,0,2,0,6,1,0.0,0.0,1.0,1
E01004534,11,1.0,1,1,1,3,1,1.0,0.0,0.0,2
E01003602,11,1.0,1,2,0,3,1,1.0,0.0,0.0,2
E01001212,11,0.0,0,0,2,6,3,0.0,0.0,0.0,0
E01001786,11,0.0,2,0,1,5,1,0.0,1.0,1.0,0
E01000564,11,0.0,0,0,2,3,3,0.0,1.0,1.0,1
E01001555,11,1.0,1,0,2,1,2,1.0,2.0,1.0,0
E01001608,11,0.0,0,0,1,4,3,2.0,0.0,0.0,1
E01004148,11,0.0,0,0,2,8,1,0.0,0.0,0.0,0
E01000543,11,2.0,0,1,2,4,1,0.0,0.0,0.0,1
E01003462,11,2.0,0,0,1,5,3,0.0,0.0,0.0,0
E01004596,11,1.0,1,1,0,0,2,1.0,1.0,1.0,3
E01001658,11,0.0,0,0,1,8,2,0.0,0.0,0.0,0
E01002934,11,0.0,1,0,2,4,1,1.0,0.0,0.0,2
E01001621,11,0.0,0,0,0,8,2,1.0,0.0,0.0,0
E01000630,11,0.0,0,0,2,2,2,0.0,1.0,0.0,4
E01004499,11,0.0,1,0,1,4,1,2.0,1.0,0.0,1
E01004181,11,0.0,0,0,1,6,3,0.0,0.0,0.0,1
E01003945,11,1.0,0,0,1,8,1,0.0,0.0,0.0,0
E01003864,11,1.0,1,0,0,4,3,0.0,0.0,0.0,2
E01001039,10,0.0,0,0,1,6,3,0.0,0.0,0.0,0
E01002400,10,0.0,0,0,0,9,1,0.0,0.0,0.0,0
E01002629,10,0.0,2,1,1,3,1,2.0,0.0,0.0,0
E01003105,10,1.0,2,0,1,3,2,1.0,0.0,0.0,0
E01000640,10,0.0,0,0,1,7,1,0.0,0.0,0.0,1
E01004378,10,0.0,0,0,2,5,1,0.0,1.0,0.0,1
E01004557,10,1.0,1,0,2,1,1,3.0,1.0,0.0,0
E01004071,10,0.0,1,2,3,2,1,0.0,0.0,0.0,1
E01003699,10,0.0,0,1,0,6,1,0.0,0.0,0.0,2
E01001737,10,0.0,1,2,2,3,1,0.0,0.0,0.0,1
E01001054,10,0.0,0,0,2,7,1,0.0,0.0,0.0,0
E01001203,10,1.0,3,2,0,1,1,1.0,0.0,0.0,1
E01003955,10,1.0,1,2,0,3,1,0.0,0.0,0.0,2
E01003293,10,0.0,1,1,1,1,2,3.0,0.0,0.0,1
E01002825,10,1.0,0,1,1,2,3,0.0,2.0,0.0,0
E01004150,10,0.0,0,1,0,6,2,1.0,0.0,0.0,0
E01003163,10,0.0,0,0,3,6,0,0.0,1.0,0.0,0
E01003280,10,0.0,0,1,2,5,2,0.0,0.0,0.0,0
E01001646,10,0.0,0,0,0,6,3,0.0,0.0,1.0,0
E01003050,10,1.0,1,1,0,5,0,1.0,0.0,0.0,1
E01000621,10,1.0,0,2,0,3,0,0.0,0.0,0.0,4
E01001713,10,1.0,0,1,0,5,2,0.0,0.0,0.0,1
E01001267,10,0.0,0,0,5,2,3,0.0,0.0,0.0,0
E01003149,10,0.0,0,0,2,5,3,0.0,0.0,0.0,0
E01000183,10,0.0,1,1,1,4,1,0.0,0.0,0.0,2
E01002342,10,0.0,1,3,0,4,1,0.0,0.0,1.0,0
E01001208,10,1.0,0,0,3,4,2,0.0,0.0,0.0,0
E01004145,10,0.0,0,0,0,8,2,0.0,0.0,0.0,0
E01003719,10,0.0,0,1,2,5,1,0.0,0.0,0.0,1
E01002039,10,1.0,0,1,1,3,1,0.0,2.0,0.0,1
E01001157,10,1.0,0,2,1,4,0,0.0,1.0,0.0,1
E01001279,10,0.0,0,0,0,6,4,0.0,0.0,0.0,0
E01002125,10,0.0,0,2,0,4,0,1.0,0.0,2.0,1
E01004692,10,0.0,0,0,1,3,3,0.0,3.0,0.0,0
E01004701,10,1.0,0,0,1,2,2,0.0,4.0,0.0,0
E01000979,10,2.0,0,0,0,3,4,0.0,0.0,0.0,1
E01000518,10,0.0,0,0,2,4,4,0.0,0.0,0.0,0
E01001250,10,1.0,0,3,0,4,0,1.0,0.0,0.0,1
E01000465,10,0.0,1,0,2,4,2,0.0,0.0,0.0,1
E01000103,10,0.0,0,0,1,7,2,0.0,0.0,0.0,0
E01003180,10,1.0,2,0,1,5,0,0.0,0.0,0.0,1
E01000134,10,0.0,0,0,2,6,2,0.0,0.0,0.0,0
E01003209,10,0.0,1,0,0,7,1,0.0,0.0,0.0,1
E01000292,10,0.0,1,1,0,5,0,0.0,0.0,1.0,2
E01003286,10,0.0,0,1,2,4,2,0.0,0.0,1.0,0
E01000970,10,2.0,1,1,1,2,0,3.0,0.0,0.0,0
E01001311,10,0.0,0,0,1,6,2,0.0,0.0,0.0,1
E01004635,10,0.0,0,0,4,4,2,0.0,0.0,0.0,0
E01003338,10,1.0,0,4,1,3,0,0.0,0.0,0.0,1
E01003257,10,0.0,1,0,2,6,0,0.0,1.0,0.0,0
E01000136,9,0.0,0,0,1,3,4,1.0,0.0,0.0,0
E01001387,9,0.0,0,0,1,2,4,2.0,0.0,0.0,0
E01001404,9,0.0,0,0,2,6,1,0.0,0.0,0.0,0
E01002970,9,0.0,0,1,0,6,1,0.0,1.0,0.0,0
E01004144,9,0.0,0,0,0,5,2,0.0,0.0,0.0,2
E01002708,9,0.0,2,0,1,3,2,1.0,0.0,0.0,0
E01004411,9,0.0,2,0,0,3,0,3.0,1.0,0.0,0
E01002901,9,0.0,0,0,0,5,2,1.0,0.0,0.0,1
E01033743,9,0.0,1,1,1,4,0,0.0,1.0,1.0,0
E01002725,9,0.0,1,0,0,4,0,2.0,2.0,0.0,0
E01001572,9,0.0,0,0,0,6,3,0.0,0.0,0.0,0
E01004046,9,0.0,0,1,1,3,3,0.0,0.0,0.0,1
E01003908,9,1.0,0,0,2,2,2,0.0,0.0,1.0,1
E01002980,9,0.0,0,0,0,6,3,0.0,0.0,0.0,0
E01001870,9,0.0,2,2,0,0,1,3.0,0.0,0.0,1
E01004248,9,0.0,0,1,2,5,0,0.0,0.0,0.0,1
E01003638,9,0.0,0,0,2,5,1,0.0,0.0,1.0,0
E01001674,9,0.0,0,0,0,7,2,0.0,0.0,0.0,0
E01001978,9,1.0,0,1,0,6,1,0.0,0.0,0.0,0
E01001832,9,0.0,2,1,0,2,1,2.0,1.0,0.0,0
E01001133,9,0.0,0,0,0,7,2,0.0,0.0,0.0,0
E01002927,9,0.0,1,0,0,5,3,0.0,0.0,0.0,0
E01002662,9,0.0,0,0,1,5,1,1.0,0.0,0.0,1
E01004394,9,1.0,1,0,0,3,2,2.0,0.0,0.0,0
E01001285,9,0.0,0,0,1,7,1,0.0,0.0,0.0,0
E01000792,9,0.0,0,0,2,3,1,1.0,0.0,0.0,2
E01004477,9,0.0,1,0,2,3,3,0.0,0.0,0.0,0
E01000525,9,0.0,0,0,1,4,3,0.0,0.0,0.0,1
E01033456,9,0.0,0,0,2,5,0,0.0,0.0,0.0,2
E01003078,9,1.0,0,0,1,6,1,0.0,0.0,0.0,0
E01004185,9,0.0,0,0,0,8,1,0.0,0.0,0.0,0
E01000563,9,0.0,0,0,0,4,4,0.0,1.0,0.0,0
E01001988,9,0.0,1,0,1,3,3,0.0,0.0,1.0,0
E01000891,9,0.0,1,2,2,1,1,0.0,0.0,1.0,1
E01004646,9,0.0,0,0,1,2,4,2.0,0.0,0.0,0
E01004229,9,1.0,0,1,3,1,1,0.0,0.0,0.0,2
E01002142,9,0.0,0,1,0,3,2,1.0,0.0,2.0,0
E01003404,9,0.0,0,0,4,3,2,0.0,0.0,0.0,0
E01004656,9,0.0,1,0,0,2,2,3.0,1.0,0.0,0
E01001269,9,0.0,1,0,0,3,2,0.0,0.0,0.0,3
E01000495,9,0.0,0,0,1,4,2,0.0,1.0,0.0,1
E01001728,9,0.0,0,0,2,6,0,0.0,1.0,0.0,0
E01000958,9,1.0,1,0,0,2,2,0.0,2.0,0.0,1
E01001758,9,0.0,2,0,1,2,0,1.0,1.0,0.0,2
E01003148,9,0.0,0,0,1,3,3,0.0,1.0,0.0,1
E01001883,9,2.0,0,0,2,2,3,0.0,0.0,0.0,0
E01004446,9,0.0,0,1,0,1,0,5.0,0.0,0.0,2
E01002274,9,0.0,0,0,1,5,1,0.0,0.0,1.0,1
E01000910,9,2.0,0,0,1,2,2,1.0,1.0,0.0,0
E01000712,9,0.0,0,0,1,4,4,0.0,0.0,0.0,0
E01001138,9,0.0,0,0,2,5,2,0.0,0.0,0.0,0
E01004564,9,1.0,2,0,0,4,0,0.0,1.0,0.0,1
E01003820,9,0.0,0,0,1,6,2,0.0,0.0,0.0,0
E01002537,9,0.0,1,0,1,3,0,2.0,0.0,0.0,2
E01002388,9,0.0,0,0,2,4,3,0.0,0.0,0.0,0
E01000937,9,1.0,5,0,0,0,1,0.0,2.0,0.0,0
E01001008,8,0.0,0,0,1,6,1,0.0,0.0,0.0,0
E01003339,8,1.0,0,0,1,2,2,0.0,2.0,0.0,0
E01004001,8,2.0,0,0,0,3,1,1.0,0.0,0.0,1
E01003977,8,0.0,0,0,2,1,1,0.0,2.0,0.0,2
E01004738,8,1.0,1,0,1,1,1,0.0,1.0,0.0,2
E01004669,8,0.0,0,1,1,3,1,0.0,0.0,0.0,2
E01003839,8,2.0,0,0,0,5,1,0.0,0.0,0.0,0
E01003059,8,1.0,1,2,0,1,0,0.0,0.0,0.0,3
E01003517,8,0.0,1,0,1,5,0,0.0,0.0,0.0,1
E01004418,8,0.0,1,1,1,2,2,1.0,0.0,0.0,0
E01003156,8,0.0,0,0,3,5,0,0.0,0.0,0.0,0
E01004003,8,2.0,0,0,0,2,3,0.0,0.0,0.0,1
E01003150,8,0.0,0,0,1,6,1,0.0,0.0,0.0,0
E01002652,8,0.0,0,0,2,4,1,0.0,0.0,0.0,1
E01001339,8,0.0,0,0,1,5,1,0.0,0.0,0.0,1
E01002531,8,0.0,0,0,0,2,0,2.0,2.0,0.0,2
E01003064,8,0.0,1,0,1,4,1,0.0,1.0,0.0,0
E01004090,8,0.0,0,0,0,6,2,0.0,0.0,0.0,0
E01003152,8,0.0,0,0,3,3,1,0.0,0.0,0.0,1
E01004043,8,1.0,0,0,1,2,2,0.0,1.0,0.0,1
E01004313,8,1.0,1,0,0,3,2,0.0,0.0,0.0,1
E01003182,8,0.0,0,1,1,3,3,0.0,0.0,0.0,0
E01003125,8,0.0,1,0,0,2,1,1.0,2.0,0.0,1
E01004757,8,1.0,1,0,0,2,2,0.0,1.0,0.0,1
E01004066,8,0.0,1,0,1,2,3,0.0,0.0,0.0,1
E01003301,8,0.0,2,0,1,2,2,0.0,0.0,1.0,0
E01032774,8,0.0,1,1,1,0,2,1.0,0.0,1.0,1
E01003541,8,0.0,0,0,1,3,2,0.0,0.0,0.0,2
E01001929,8,2.0,0,0,0,2,1,1.0,0.0,0.0,2
E01004250,8,0.0,1,1,1,2,1,0.0,0.0,0.0,2
E01002536,8,0.0,0,0,0,4,1,1.0,0.0,0.0,2
E01000983,8,1.0,2,1,1,1,2,0.0,0.0,0.0,0
E01000366,8,0.0,1,0,2,1,1,2.0,1.0,0.0,0
E01000158,8,0.0,0,0,3,1,4,0.0,0.0,0.0,0
E01001995,8,0.0,0,0,2,3,3,0.0,0.0,0.0,0
E01000782,8,0.0,0,2,1,3,2,0.0,0.0,0.0,0
E01000662,8,1.0,0,0,1,3,2,1.0,0.0,0.0,0
E01002152,8,0.0,0,0,0,3,5,0.0,0.0,0.0,0
E01000503,8,0.0,0,0,2,4,2,0.0,0.0,0.0,0
E01001180,8,1.0,0,0,1,4,1,0.0,0.0,0.0,1
E01001697,8,1.0,0,0,2,4,1,0.0,0.0,0.0,0
E01002057,8,0.0,2,1,0,2,1,0.0,0.0,1.0,1
E01001586,8,0.0,0,0,1,4,2,0.0,1.0,0.0,0
E01000995,8,0.0,0,0,3,3,1,0.0,0.0,0.0,1
E01001449,8,1.0,0,0,2,4,1,0.0,0.0,0.0,0
E01003273,8,0.0,1,0,0,6,1,0.0,0.0,0.0,0
E01003424,8,0.0,0,0,1,2,4,0.0,1.0,0.0,0
E01002641,8,1.0,0,1,1,3,2,0.0,0.0,0.0,0
E01000998,8,0.0,0,0,0,5,3,0.0,0.0,0.0,0
E01000098,8,0.0,0,0,0,3,4,0.0,0.0,0.0,1
E01001794,8,0.0,1,0,1,3,0,0.0,2.0,0.0,1
E01002697,8,1.0,0,0,1,3,0,0.0,1.0,0.0,2
E01000031,8,1.0,0,0,2,5,0,0.0,0.0,0.0,0
E01001181,8,2.0,0,1,1,1,2,1.0,0.0,0.0,0
E01000359,7,0.0,0,0,0,5,1,0.0,0.0,0.0,1
E01000651,7,0.0,0,0,0,7,0,0.0,0.0,0.0,0
E01000627,7,0.0,0,0,1,5,1,0.0,0.0,0.0,0
E01003266,7,0.0,0,0,1,4,2,0.0,0.0,0.0,0
E01001083,7,0.0,0,0,0,4,3,0.0,0.0,0.0,0
E01001281,7,0.0,0,0,2,3,2,0.0,0.0,0.0,0
E01002106,7,1.0,0,0,1,3,2,0.0,0.0,0.0,0
E01000551,7,0.0,0,0,3,1,1,0.0,0.0,1.0,1
E01000638,7,1.0,0,0,0,5,1,0.0,0.0,0.0,0
E01004519,7,0.0,0,0,0,6,1,0.0,0.0,0.0,0
E01004425,7,0.0,0,0,1,2,2,0.0,0.0,2.0,0
E01000589,7,0.0,0,0,1,3,1,0.0,0.0,1.0,1
E01002088,7,1.0,0,0,0,3,0,1.0,0.0,0.0,2
E01004576,7,0.0,0,0,3,1,3,0.0,0.0,0.0,0
E01004498,7,0.0,0,3,1,1,1,1.0,0.0,0.0,0
E01004351,7,1.0,0,0,0,5,1,0.0,0.0,0.0,0
E01004160,7,0.0,0,0,2,3,2,0.0,0.0,0.0,0
E01002312,7,1.0,0,0,1,5,0,0.0,0.0,0.0,0
E01003604,7,0.0,1,0,0,2,0,2.0,0.0,0.0,2
E01001851,7,0.0,2,0,2,0,2,1.0,0.0,0.0,0
E01001193,7,0.0,0,0,0,5,1,0.0,0.0,0.0,1
E01004020,7,1.0,0,0,1,3,1,0.0,0.0,0.0,1
E01001472,7,0.0,1,1,0,0,1,3.0,0.0,0.0,1
E01003997,7,1.0,0,0,0,2,2,0.0,0.0,0.0,2
E01003670,7,1.0,0,0,1,4,1,0.0,0.0,0.0,0
E01001003,7,1.0,0,0,2,3,1,0.0,0.0,0.0,0
E01001171,7,0.0,0,0,2,4,1,0.0,0.0,0.0,0
E01001067,7,0.0,0,0,2,2,3,0.0,0.0,0.0,0
E01004383,7,0.0,0,1,0,3,1,0.0,1.0,0.0,1
E01002013,7,0.0,0,1,1,2,1,1.0,1.0,0.0,0
E01001787,7,0.0,0,0,1,5,0,0.0,0.0,0.0,1
E01004087,7,0.0,0,0,0,4,3,0.0,0.0,0.0,0
E01004602,7,0.0,0,0,2,1,2,1.0,0.0,1.0,0
E01001624,7,0.0,0,0,2,3,2,0.0,0.0,0.0,0
E01003313,7,0.0,1,0,2,0,3,0.0,1.0,0.0,0
E01002465,7,1.0,0,0,1,4,1,0.0,0.0,0.0,0
E01032742,7,0.0,0,1,0,4,1,0.0,0.0,1.0,0
E01000038,7,0.0,0,0,2,3,1,0.0,0.0,0.0,1
E01032789,7,0.0,1,0,0,3,1,1.0,0.0,0.0,1
E01002373,7,0.0,0,0,3,3,1,0.0,0.0,0.0,0
E01003184,7,0.0,1,0,1,3,0,1.0,0.0,0.0,1
E01002863,7,0.0,2,0,1,1,1,2.0,0.0,0.0,0
E01002575,7,1.0,1,0,0,4,1,0.0,0.0,0.0,0
E01002646,7,0.0,0,0,2,3,0,0.0,0.0,0.0,2
E01003527,7,0.0,1,2,0,0,1,0.0,1.0,0.0,2
E01002632,7,0.0,0,1,1,4,0,0.0,0.0,0.0,1
E01000269,7,0.0,1,0,1,3,2,0.0,0.0,0.0,0
E01000077,7,0.0,0,0,2,4,1,0.0,0.0,0.0,0
E01004616,7,0.0,0,0,0,4,1,0.0,0.0,0.0,2
E01000266,7,0.0,0,0,2,5,0,0.0,0.0,0.0,0
E01003113,7,0.0,1,0,1,3,1,0.0,0.0,1.0,0
E01002419,7,0.0,0,0,1,3,2,1.0,0.0,0.0,0
E01000222,7,0.0,0,0,0,7,0,0.0,0.0,0.0,0
E01003269,7,1.0,0,0,0,4,2,0.0,0.0,0.0,0
E01000479,7,0.0,0,0,1,4,2,0.0,0.0,0.0,0
E01000449,7,0.0,0,0,1,5,1,0.0,0.0,0.0,0
E01004089,7,0.0,1,2,0,1,1,0.0,1.0,1.0,0
E01001960,7,0.0,1,0,0,1,1,2.0,1.0,1.0,0
E01003277,7,0.0,0,0,0,4,2,0.0,0.0,0.0,1
E01000829,7,0.0,0,0,1,2,4,0.0,0.0,0.0,0
E01000826,7,0.0,0,0,0,4,2,0.0,1.0,0.0,0
E01002498,7,0.0,0,0,2,2,2,1.0,0.0,0.0,0
E01002838,7,1.0,0,0,0,2,2,1.0,1.0,0.0,0
E01002741,7,0.0,0,0,0,4,1,1.0,0.0,0.0,1
E01000242,7,0.0,0,0,1,5,0,0.0,1.0,0.0,0
E01003162,7,0.0,0,0,0,6,1,0.0,0.0,0.0,0
E01002659,7,0.0,0,0,1,5,1,0.0,0.0,0.0,0
E01003158,7,0.0,1,0,2,1,2,0.0,0.0,0.0,1
E01003673,6,1.0,0,0,0,3,2,0.0,0.0,0.0,0
E01001474,6,0.0,0,0,0,6,0,0.0,0.0,0.0,0
E01001841,6,0.0,0,0,1,3,1,0.0,1.0,0.0,0
E01002313,6,0.0,0,0,0,5,1,0.0,0.0,0.0,0
E01001909,6,0.0,0,0,2,0,2,2.0,0.0,0.0,0
E01033579,6,0.0,0,0,1,2,0,1.0,1.0,0.0,1
E01000923,6,2.0,0,0,0,1,0,2.0,0.0,0.0,1
E01000950,6,2.0,1,0,0,2,1,0.0,0.0,0.0,0
E01003025,6,0.0,0,0,2,3,1,0.0,0.0,0.0,0
E01001838,6,0.0,1,0,0,1,1,0.0,2.0,0.0,1
E01004404,6,0.0,0,0,1,2,1,0.0,0.0,0.0,2
E01000880,6,0.0,0,0,1,1,4,0.0,0.0,0.0,0
E01033584,6,0.0,0,0,2,4,0,0.0,0.0,0.0,0
E01004271,6,0.0,0,0,2,4,0,0.0,0.0,0.0,0
E01001980,6,0.0,0,0,0,4,2,0.0,0.0,0.0,0
E01004176,6,0.0,0,0,0,3,1,0.0,0.0,0.0,2
E01002909,6,0.0,0,0,1,1,2,0.0,1.0,0.0,1
E01001654,6,0.0,0,0,1,4,1,0.0,0.0,0.0,0
E01002658,6,0.0,2,0,1,0,1,1.0,0.0,0.0,1
E01001110,6,0.0,0,0,0,4,1,0.0,0.0,0.0,1
E01001509,6,0.0,0,0,2,3,1,0.0,0.0,0.0,0
E01001764,6,0.0,1,1,1,0,0,0.0,0.0,1.0,2
E01003998,6,1.0,0,0,1,1,2,0.0,0.0,0.0,1
E01004017,6,0.0,0,0,1,3,2,0.0,0.0,0.0,0
E01004155,6,0.0,0,0,2,2,2,0.0,0.0,0.0,0
E01001236,6,1.0,0,0,0,1,4,0.0,0.0,0.0,0
E01001422,6,0.0,0,0,1,4,1,0.0,0.0,0.0,0
E01001420,6,0.0,1,0,3,1,1,0.0,0.0,0.0,0
E01001274,6,0.0,0,0,3,0,3,0.0,0.0,0.0,0
E01002875,6,0.0,0,0,0,1,2,1.0,0.0,1.0,1
E01001694,6,0.0,0,0,4,2,0,0.0,0.0,0.0,0
E01001824,6,0.0,1,0,0,3,1,0.0,1.0,0.0,0
E01003534,6,0.0,0,2,1,2,1,0.0,0.0,0.0,0
E01002846,6,0.0,1,0,1,2,1,0.0,0.0,0.0,1
E01002484,6,0.0,1,0,1,4,0,0.0,0.0,0.0,0
E01004532,6,0.0,1,0,0,2,2,0.0,0.0,0.0,1
E01004645,6,0.0,0,1,1,2,1,0.0,0.0,0.0,1
E01002464,6,0.0,0,0,1,4,1,0.0,0.0,0.0,0
E01002284,6,0.0,0,0,1,4,0,0.0,0.0,1.0,0
E01001746,6,0.0,1,0,0,3,1,1.0,0.0,0.0,0
E01002434,6,0.0,0,0,0,3,0,2.0,1.0,0.0,0
E01003448,6,0.0,0,0,0,4,2,0.0,0.0,0.0,0
E01002288,6,0.0,0,0,2,4,0,0.0,0.0,0.0,0
E01001993,6,1.0,0,0,3,0,2,0.0,0.0,0.0,0
E01002401,6,0.0,0,0,1,5,0,0.0,0.0,0.0,0
E01003139,6,0.0,0,0,0,2,1,1.0,0.0,0.0,2
E01002251,6,0.0,0,0,0,5,1,0.0,0.0,0.0,0
E01000430,6,0.0,0,0,0,5,1,0.0,0.0,0.0,0
E01000684,6,0.0,0,0,1,3,2,0.0,0.0,0.0,0
E01000145,6,0.0,0,0,1,2,3,0.0,0.0,0.0,0
E01000234,6,0.0,0,0,1,4,1,0.0,0.0,0.0,0
E01003379,6,0.0,0,0,1,3,1,0.0,0.0,1.0,0
E01002103,6,0.0,0,0,1,3,1,0.0,0.0,0.0,1
E01000511,6,0.0,0,0,1,4,1,0.0,0.0,0.0,0
E01004292,6,1.0,0,1,0,3,0,0.0,0.0,0.0,1
E01004463,6,0.0,0,0,1,1,2,0.0,0.0,0.0,2
E01003660,6,0.0,0,0,0,4,2,0.0,0.0,0.0,0
E01003744,6,0.0,0,0,1,5,0,0.0,0.0,0.0,0
E01001053,6,0.0,0,0,1,4,1,0.0,0.0,0.0,0
E01033135,6,0.0,1,0,1,2,1,1.0,0.0,0.0,0
E01002645,6,1.0,0,0,1,1,1,0.0,0.0,1.0,1
E01033607,6,2.0,0,0,2,0,1,0.0,0.0,1.0,0
E01003721,6,0.0,0,0,0,3,2,0.0,0.0,0.0,1
E01003189,6,0.0,0,0,1,4,1,0.0,0.0,0.0,0
E01000395,6,1.0,0,0,1,3,0,0.0,0.0,0.0,1
E01002036,6,1.0,0,0,2,2,1,0.0,0.0,0.0,0
E01003205,6,0.0,1,0,0,3,1,0.0,1.0,0.0,0
E01002634,6,0.0,1,1,0,3,0,0.0,0.0,0.0,1
E01002049,6,0.0,0,0,0,4,1,0.0,0.0,0.0,1
E01002868,5,0.0,0,0,0,2,3,0.0,0.0,0.0,0
E01002188,5,1.0,0,0,0,0,4,0.0,0.0,0.0,0
E01000163,5,0.0,0,1,1,1,1,0.0,0.0,0.0,1
E01001611,5,0.0,0,0,0,3,2,0.0,0.0,0.0,0
E01004751,5,0.0,0,0,0,0,2,1.0,1.0,0.0,1
E01004618,5,0.0,0,1,1,0,0,3.0,0.0,0.0,0
E01001154,5,0.0,0,0,0,2,2,0.0,0.0,0.0,1
E01000460,5,0.0,0,0,3,2,0,0.0,0.0,0.0,0
E01000483,5,0.0,0,0,1,1,1,0.0,0.0,1.0,1
E01002227,5,0.0,0,1,1,2,1,0.0,0.0,0.0,0
E01004628,5,0.0,0,0,1,3,1,0.0,0.0,0.0,0
E01002958,5,0.0,0,0,2,0,2,0.0,0.0,0.0,1
E01004402,5,0.0,1,0,0,1,1,1.0,0.0,0.0,1
E01001254,5,2.0,0,0,1,1,1,0.0,0.0,0.0,0
E01000695,5,0.0,0,0,1,1,3,0.0,0.0,0.0,0
E01001017,5,0.0,0,0,0,0,5,0.0,0.0,0.0,0
E01001204,5,0.0,0,0,0,2,3,0.0,0.0,0.0,0
E01003683,5,0.0,0,0,0,2,1,0.0,0.0,0.0,2
E01003441,5,0.0,0,0,0,2,1,0.0,0.0,0.0,2
E01032803,5,2.0,0,0,1,0,1,1.0,0.0,0.0,0
E01001872,5,0.0,0,0,0,0,3,0.0,2.0,0.0,0
E01001711,5,0.0,2,1,0,1,1,0.0,0.0,0.0,0
E01002113,5,0.0,0,0,3,1,1,0.0,0.0,0.0,0
E01003270,5,0.0,0,0,0,2,1,0.0,1.0,0.0,1
E01001489,5,0.0,0,0,2,2,1,0.0,0.0,0.0,0
E01000493,5,0.0,0,0,0,2,2,0.0,1.0,0.0,0
E01001469,5,0.0,0,0,0,5,0,0.0,0.0,0.0,0
E01002671,5,1.0,0,0,1,1,2,0.0,0.0,0.0,0
E01002743,5,1.0,0,0,1,2,0,0.0,1.0,0.0,0
E01001504,5,0.0,0,0,1,3,1,0.0,0.0,0.0,0
E01001650,5,0.0,0,0,1,1,3,0.0,0.0,0.0,0
E01000058,5,0.0,0,0,0,4,1,0.0,0.0,0.0,0
E01032770,5,0.0,1,2,1,0,0,1.0,0.0,0.0,0
E01033322,5,0.0,0,0,1,3,0,0.0,0.0,0.0,1
E01002454,5,0.0,0,0,1,4,0,0.0,0.0,0.0,0
E01032768,5,0.0,0,0,0,0,1,4.0,0.0,0.0,0
E01001791,5,0.0,0,0,2,2,0,0.0,0.0,0.0,1
E01033601,5,0.0,1,0,0,1,0,0.0,0.0,1.0,2
E01004334,5,1.0,0,0,1,1,1,0.0,1.0,0.0,0
E01000080,5,0.0,0,0,1,3,1,0.0,0.0,0.0,0
E01003509,5,0.0,0,0,1,2,1,0.0,0.0,0.0,1
E01000802,5,0.0,0,0,0,2,3,0.0,0.0,0.0,0
E01004345,5,0.0,1,0,0,4,0,0.0,0.0,0.0,0
E01002053,5,0.0,0,0,0,3,2,0.0,0.0,0.0,0
E01000977,5,0.0,0,0,0,4,1,0.0,0.0,0.0,0
E01004327,5,2.0,0,0,1,0,1,0.0,0.0,0.0,1
E01003688,5,0.0,0,1,0,1,2,1.0,0.0,0.0,0
E01003265,5,0.0,0,0,0,5,0,0.0,0.0,0.0,0
E01001983,5,0.0,1,1,0,2,0,1.0,0.0,0.0,0
E01004346,5,0.0,1,0,1,2,1,0.0,0.0,0.0,0
E01001896,5,0.0,1,1,0,1,0,0.0,2.0,0.0,0
E01004316,5,0.0,0,0,0,0,0,3.0,0.0,0.0,2
E01004120,5,0.0,0,0,0,2,3,0.0,0.0,0.0,0
E01004674,5,1.0,0,0,1,1,1,0.0,0.0,1.0,0
E01003749,5,0.0,0,0,1,2,2,0.0,0.0,0.0,0
E01001315,5,0.0,0,0,0,3,1,0.0,0.0,0.0,1
E01004080,5,0.0,0,0,1,2,2,0.0,0.0,0.0,0
E01003172,5,0.0,0,0,0,3,1,0.0,0.0,0.0,1
E01002599,5,0.0,0,0,0,5,0,0.0,0.0,0.0,0
E01002806,5,0.0,0,0,1,3,1,0.0,0.0,0.0,0
E01003029,5,0.0,0,0,2,2,1,0.0,0.0,0.0,0
E01000708,5,1.0,0,0,0,4,0,0.0,0.0,0.0,0
E01002302,5,0.0,0,0,1,4,0,0.0,0.0,0.0,0
E01002156,5,0.0,0,0,1,4,0,0.0,0.0,0.0,0
E01004190,5,0.0,0,2,1,1,0,1.0,0.0,0.0,0
E01000562,5,0.0,0,0,1,1,2,1.0,0.0,0.0,0
E01000934,4,0.0,0,0,1,2,1,0.0,0.0,0.0,0
E01002582,4,1.0,0,0,0,0,2,1.0,0.0,0.0,0
E01003968,4,1.0,0,0,0,1,2,0.0,0.0,0.0,0
E01001091,4,0.0,0,0,0,1,3,0.0,0.0,0.0,0
E01033728,4,0.0,2,0,0,2,0,0.0,0.0,0.0,0
E01000517,4,0.0,0,0,0,0,4,0.0,0.0,0.0,0
E01000147,4,0.0,0,0,1,2,1,0.0,0.0,0.0,0
E01004151,4,0.0,0,0,0,1,3,0.0,0.0,0.0,0
E01000270,4,0.0,0,0,0,3,1,0.0,0.0,0.0,0
E01000073,4,0.0,0,0,1,3,0,0.0,0.0,0.0,0
E01001072,4,1.0,0,0,0,0,3,0.0,0.0,0.0,0
E01003005,4,0.0,0,0,0,2,1,0.0,0.0,0.0,1
E01000346,4,0.0,0,0,2,2,0,0.0,0.0,0.0,0
E01003843,4,0.0,0,0,0,2,2,0.0,0.0,0.0,0
E01003553,4,0.0,1,0,0,2,0,0.0,0.0,0.0,1
E01002655,4,0.0,0,0,1,2,1,0.0,0.0,0.0,0
E01002420,4,0.0,0,0,0,3,1,0.0,0.0,0.0,0
E01003901,4,0.0,0,0,0,3,1,0.0,0.0,0.0,0
E01002305,4,0.0,0,0,1,3,0,0.0,0.0,0.0,0
E01003790,4,0.0,1,0,1,0,2,0.0,0.0,0.0,0
E01002669,4,1.0,0,0,0,3,0,0.0,0.0,0.0,0
E01003754,4,0.0,0,0,2,0,1,0.0,1.0,0.0,0
E01002021,4,0.0,0,0,0,2,1,0.0,1.0,0.0,0
E01002613,4,0.0,0,0,0,3,1,0.0,0.0,0.0,0
E01001526,4,0.0,0,0,0,2,2,0.0,0.0,0.0,0
E01002924,4,0.0,0,0,2,1,1,0.0,0.0,0.0,0
E01001845,4,1.0,0,0,0,1,1,0.0,0.0,0.0,1
E01000427,4,1.0,0,0,0,2,0,1.0,0.0,0.0,0
E01000949,4,1.0,0,0,1,1,0,0.0,0.0,0.0,1
E01001598,4,1.0,0,0,1,0,2,0.0,0.0,0.0,0
E01000017,4,0.0,0,0,0,3,1,0.0,0.0,0.0,0
E01003467,4,0.0,0,0,0,3,1,0.0,0.0,0.0,0
E01000429,4,0.0,0,0,0,3,0,0.0,0.0,0.0,1
E01002636,4,1.0,0,0,1,2,0,0.0,0.0,0.0,0
E01003228,4,1.0,0,0,0,1,2,0.0,0.0,0.0,0
E01001815,4,0.0,0,0,1,2,0,0.0,0.0,0.0,1
E01002203,4,0.0,0,0,0,4,0,0.0,0.0,0.0,0
E01002161,4,0.0,0,0,0,3,1,0.0,0.0,0.0,0
E01003351,4,0.0,0,0,1,2,1,0.0,0.0,0.0,0
E01002196,4,0.0,0,0,2,2,0,0.0,0.0,0.0,0
E01001430,4,0.0,0,0,2,2,0,0.0,0.0,0.0,0
E01002438,4,0.0,1,0,0,1,2,0.0,0.0,0.0,0
E01003747,4,0.0,0,0,0,2,2,0.0,0.0,0.0,0
E01002550,4,0.0,0,0,4,0,0,0.0,0.0,0.0,0
E01002332,4,0.0,0,0,0,3,1,0.0,0.0,0.0,0
E01002428,4,0.0,0,0,2,2,0,0.0,0.0,0.0,0
E01002287,4,0.0,0,0,1,2,1,0.0,0.0,0.0,0
E01001175,4,0.0,1,0,1,2,0,0.0,0.0,0.0,0
E01002162,4,0.0,0,0,0,2,2,0.0,0.0,0.0,0
E01001007,4,0.0,0,0,0,4,0,0.0,0.0,0.0,0
E01000120,4,0.0,0,0,2,1,1,0.0,0.0,0.0,0
E01003275,4,0.0,0,0,1,3,0,0.0,0.0,0.0,0
E01000814,4,0.0,0,0,0,0,4,0.0,0.0,0.0,0
E01002532,4,0.0,0,0,0,4,0,0.0,0.0,0.0,0
E01000220,4,0.0,0,0,1,2,1,0.0,0.0,0.0,0
E01003911,4,0.0,1,0,0,2,1,0.0,0.0,0.0,0
E01002231,4,0.0,0,0,1,3,0,0.0,0.0,0.0,0
E01003349,4,0.0,0,0,3,0,0,0.0,1.0,0.0,0
E01001759,4,0.0,0,0,0,2,1,0.0,1.0,0.0,0
E01003185,4,0.0,0,0,1,1,0,0.0,1.0,0.0,1
E01002603,3,0.0,0,0,1,2,0,0.0,0.0,0.0,0
E01002580,3,0.0,0,0,0,1,2,0.0,0.0,0.0,0
E01001918,3,0.0,0,0,0,2,1,0.0,0.0,0.0,0
E01002234,3,0.0,0,0,1,0,2,0.0,0.0,0.0,0
E01003121,3,1.0,0,0,0,1,0,0.0,1.0,0.0,0
E01003530,3,0.0,0,0,1,1,1,0.0,0.0,0.0,0
E01033592,3,0.0,0,0,2,0,1,0.0,0.0,0.0,0
E01003511,3,0.0,0,0,2,0,1,0.0,0.0,0.0,0
E01002208,3,0.0,0,0,0,2,1,0.0,0.0,0.0,0
E01003197,3,0.0,0,0,0,1,2,0.0,0.0,0.0,0
E01001862,3,0.0,0,0,1,0,1,0.0,1.0,0.0,0
E01002173,3,0.0,0,0,0,2,1,0.0,0.0,0.0,0
E01001391,3,0.0,0,0,0,1,1,1.0,0.0,0.0,0
E01004495,3,0.0,0,1,0,1,0,0.0,0.0,0.0,1
E01001194,3,0.0,0,0,1,1,1,0.0,0.0,0.0,0
E01001463,3,0.0,0,0,3,0,0,0.0,0.0,0.0,0
E01001446,3,0.0,0,0,0,3,0,0.0,0.0,0.0,0
E01001401,3,0.0,0,0,0,2,1,0.0,0.0,0.0,0
E01004079,3,0.0,0,0,0,0,3,0.0,0.0,0.0,0
E01001291,3,0.0,0,0,1,2,0,0.0,0.0,0.0,0
E01001296,3,0.0,0,0,1,2,0,0.0,0.0,0.0,0
E01003420,3,0.0,0,0,0,2,1,0.0,0.0,0.0,0
E01002335,3,1.0,0,0,0,2,0,0.0,0.0,0.0,0
E01001359,3,0.0,0,1,0,1,1,0.0,0.0,0.0,0
E01002494,3,0.0,0,0,1,0,2,0.0,0.0,0.0,0
E01002351,3,0.0,0,0,1,1,1,0.0,0.0,0.0,0
E01000577,3,0.0,0,0,0,2,1,0.0,0.0,0.0,0
E01001537,3,0.0,0,0,0,2,0,0.0,0.0,0.0,1
E01001545,3,0.0,0,0,2,1,0,0.0,0.0,0.0,0
E01004233,3,1.0,1,0,0,1,0,0.0,0.0,0.0,0
E01002290,3,0.0,0,0,1,2,0,0.0,0.0,0.0,0
E01004308,3,0.0,1,0,2,0,0,0.0,0.0,0.0,0
E01000413,3,1.0,0,0,0,1,0,0.0,0.0,1.0,0
E01000371,3,0.0,0,0,0,0,3,0.0,0.0,0.0,0
E01003832,3,0.0,0,0,1,2,0,0.0,0.0,0.0,0
E01002331,3,0.0,0,0,0,3,0,0.0,0.0,0.0,0
E01001543,3,0.0,0,0,0,3,0,0.0,0.0,0.0,0
E01000063,3,0.0,0,0,1,2,0,0.0,0.0,0.0,0
E01004206,3,1.0,1,0,0,1,0,0.0,0.0,0.0,0
E01002545,3,0.0,1,1,0,1,0,0.0,0.0,0.0,0
E01002422,3,0.0,0,0,1,2,0,0.0,0.0,0.0,0
E01002418,3,0.0,0,0,1,0,2,0.0,0.0,0.0,0
E01004214,3,0.0,0,0,0,1,0,1.0,0.0,0.0,1
E01000971,3,0.0,1,0,0,1,1,0.0,0.0,0.0,0
E01003337,3,0.0,0,0,1,2,0,0.0,0.0,0.0,0
E01003094,3,0.0,0,0,1,1,0,0.0,1.0,0.0,0
E01002259,3,0.0,0,0,1,1,1,0.0,0.0,0.0,0
E01004240,3,0.0,0,0,0,1,1,0.0,0.0,0.0,1
E01001383,2,0.0,0,0,0,0,2,0.0,0.0,0.0,0
E01002800,2,0.0,1,0,0,0,0,0.0,0.0,0.0,1
E01001382,2,0.0,0,0,0,0,2,0.0,0.0,0.0,0
E01000029,2,0.0,0,0,0,2,0,0.0,0.0,0.0,0
E01001331,2,0.0,0,0,1,1,0,0.0,0.0,0.0,0
E01001434,2,0.0,0,0,0,1,1,0.0,0.0,0.0,0
E01033742,2,0.0,0,0,0,2,0,0.0,0.0,0.0,0
E01004032,2,0.0,0,0,1,0,1,0.0,0.0,0.0,0
E01000669,2,0.0,0,0,0,0,2,0.0,0.0,0.0,0
E01000560,2,1.0,0,0,0,0,1,0.0,0.0,0.0,0
E01004456,2,0.0,0,0,0,2,0,0.0,0.0,0.0,0
E01000999,2,0.0,0,0,2,0,0,0.0,0.0,0.0,0
E01000132,2,0.0,0,0,1,1,0,0.0,0.0,0.0,0
E01003397,2,0.0,0,0,1,1,0,0.0,0.0,0.0,0
E01004516,2,0.0,0,0,1,0,0,0.0,0.0,0.0,1
E01002124,2,0.0,0,0,1,0,0,0.0,0.0,0.0,1
E01003691,2,0.0,0,0,1,0,1,0.0,0.0,0.0,0
E01002101,2,0.0,0,0,0,1,1,0.0,0.0,0.0,0
E01004097,2,0.0,0,0,0,1,1,0.0,0.0,0.0,0
E01000032,2,0.0,0,0,0,1,0,0.0,0.0,1.0,0
E01004029,2,0.0,0,0,0,1,1,0.0,0.0,0.0,0
E01003784,2,0.0,0,0,0,0,2,0.0,0.0,0.0,0
E01003972,2,0.0,0,0,1,1,0,0.0,0.0,0.0,0
E01000391,2,0.0,0,0,1,0,1,0.0,0.0,0.0,0
E01001548,2,0.0,0,0,0,2,0,0.0,0.0,0.0,0
E01001726,2,0.0,0,0,0,1,0,0.0,1.0,0.0,0
E01000435,2,0.0,0,0,0,1,1,0.0,0.0,0.0,0
E01000966,2,0.0,0,0,0,1,1,0.0,0.0,0.0,0
E01002158,2,0.0,0,0,1,0,1,0.0,0.0,0.0,0
E01033000,2,0.0,0,0,0,1,1,0.0,0.0,0.0,0
E01002962,2,0.0,0,0,1,1,0,0.0,0.0,0.0,0
E01003140,2,0.0,0,0,1,0,1,0.0,0.0,0.0,0
E01002355,2,0.0,1,0,0,0,1,0.0,0.0,0.0,0
E01000216,2,0.0,0,0,1,0,1,0.0,0.0,0.0,0
E01000486,2,0.0,0,0,0,2,0,0.0,0.0,0.0,0
E01000304,2,0.0,0,0,0,1,1,0.0,0.0,0.0,0
E01003568,2,0.0,1,0,1,0,0,0.0,0.0,0.0,0
E01002210,2,0.0,0,0,0,0,2,0.0,0.0,0.0,0
E01003494,2,0.0,0,0,0,1,0,0.0,0.0,0.0,1
E01001931,2,0.0,0,0,0,0,2,0.0,0.0,0.0,0
E01001345,2,0.0,0,0,1,0,1,0.0,0.0,0.0,0
E01000415,2,0.0,0,0,0,2,0,0.0,0.0,0.0,0
E01002316,2,0.0,0,0,0,2,0,0.0,0.0,0.0,0
E01000474,2,0.0,0,0,0,1,1,0.0,0.0,0.0,0
E01001692,2,0.0,0,0,1,0,1,0.0,0.0,0.0,0
E01002167,1,0.0,0,0,1,0,0,0.0,0.0,0.0,0
E01004531,1,0.0,0,0,0,0,1,0.0,0.0,0.0,0
E01000241,1,0.0,0,0,1,0,0,0.0,0.0,0.0,0
E01000006,1,0.0,0,0,0,0,1,0.0,0.0,0.0,0
E01003519,1,0.0,0,0,0,0,1,0.0,0.0,0.0,0
E01033487,1,0.0,1,0,0,0,0,0.0,0.0,0.0,0
E01000224,1,0.0,0,0,0,1,0,0.0,0.0,0.0,0
E01000217,1,0.0,0,0,0,0,1,0.0,0.0,0.0,0
E01033698,1,0.0,0,0,0,1,0,0.0,0.0,0.0,0
E01033146,1,0.0,0,0,0,1,0,0.0,0.0,0.0,0
E01000169,1,0.0,0,0,0,1,0,0.0,0.0,0.0,0
E01002198,1,0.0,0,0,1,0,0,0.0,0.0,0.0,0
E01000044,1,0.0,0,0,1,0,0,0.0,0.0,0.0,0
E01002222,1,0.0,0,0,0,0,1,0.0,0.0,0.0,0
E01003457,1,0.0,0,0,1,0,0,0.0,0.0,0.0,0
E01004199,1,0.0,0,0,1,0,0,0.0,0.0,0.0,0
E01004521,1,0.0,0,0,1,0,0,0.0,0.0,0.0,0
E01002138,1,0.0,0,0,1,0,0,0.0,0.0,0.0,0
E01000295,1,0.0,0,0,0,1,0,0.0,0.0,0.0,0
E01001462,1,0.0,0,0,1,0,0,0.0,0.0,0.0,0
E01002131,1,0.0,0,0,0,0,1,0.0,0.0,0.0,0
E01002416,1,0.0,0,0,1,0,0,0.0,0.0,0.0,0
E01003582,1,0.0,0,0,1,0,0,0.0,0.0,0.0,0
E01000951,1,0.0,0,0,0,0,1,0.0,0.0,0.0,0
E01003718,1,0.0,0,0,0,1,0,0.0,0.0,0.0,0
E01001056,1,0.0,0,0,1,0,0,0.0,0.0,0.0,0
E01001907,1,0.0,0,0,0,1,0,0.0,0.0,0.0,0
E01003621,0,0.0,0,0,0,0,0,0.0,0.0,0.0,0
E01001353,0,0.0,0,0,0,0,0,0.0,0.0,0.0,0
E01000607,0,0.0,0,0,0,0,0,0.0,0.0,0.0,0
E01004480,0,0.0,0,0,0,0,0,0.0,0.0,0.0,0
E01003075,0,0.0,0,0,0,0,0,0.0,0.0,0.0,0
E01002001,0,0.0,0,0,0,0,0,0.0,0.0,0.0,0
E01003369,0,0.0,0,0,0,0,0,0.0,0.0,0.0,0
E01003560,0,0.0,0,0,0,0,0,0.0,0.0,0.0,0
E01003736,0,0.0,0,0,0,0,0,0.0,0.0,0.0,0
E01004595,0,0.0,0,0,0,0,0,0.0,0.0,0.0,0
E01001702,0,0.0,0,0,0,0,0,0.0,0.0,0.0,0
E01003885,0,0.0,0,0,0,0,0,0.0,0.0,0.0,0
E01001146,0,0.0,0,0,0,0,0,0.0,0.0,0.0,0
E01000468,0,0.0,0,0,0,0,0,0.0,0.0,0.0,0
E01002904,0,0.0,0,0,0,0,0,0.0,0.0,0.0,0
E01000480,0,0.0,0,0,0,0,0,0.0,0.0,0.0,0
E01000028,0,0.0,0,0,0,0,0,0.0,0.0,0.0,0
E01004021,0,0.0,0,0,0,0,0,0.0,0.0,0.0,0
