LSOA2011,AvPTAI2015,PTAL,PTAIHigh,PTAILow
E01000006,22.4558,5,34.1054,0.0
E01000010,32.286,6a,42.9356,8.46497
E01000017,8.20281,2,13.5186,5.0841
E01000027,3.85844,1b,6.79676,0.0
E01000028,3.01489,1b,4.71175,0.0
E01000029,2.5171,1b,5.82126,0.0
E01000031,4.07693,1b,8.02453,0.0
E01000032,6.6856,2,16.512,0.0
E01000038,8.36135,2,11.3669,2.61415
E01000044,8.7118,2,33.6359,2.85249
E01000058,7.25869,2,9.74211,2.40983
E01000063,7.42822,2,9.76543,5.41955
E01000073,3.68102,1b,6.55727,0.0
E01000077,7.48654,2,9.6741,4.18383
E01000080,5.88791,2,7.88025,2.45281
E01000085,13.5581,3,16.8137,11.5025
E01000098,11.0563,3,15.4719,7.58258
E01000103,3.04832,1b,11.4186,0.0
E01000120,7.20748,2,12.7748,4.53662
E01000124,12.9099,3,24.9525,0.0
E01000132,10.0333,3,13.3313,4.92915
E01000134,11.0418,3,15.2124,4.4425
E01000136,11.6318,3,34.1364,0.0
E01000139,10.1868,3,16.0694,2.65375
E01000140,14.5111,3,20.4991,10.118
E01000145,12.0305,3,27.6072,3.48371
E01000147,4.9307,1b,6.8558,2.02262
E01000158,6.74756,2,12.7452,2.58618
E01000161,9.4314,2,12.9108,2.81934
E01000162,10.2149,3,13.7658,7.53721
E01000163,3.79625,1b,8.22625,0.0
E01000164,7.30712,2,13.2732,0.0
E01000169,6.72274,2,12.0197,1.85038
E01000183,2.92704,1b,11.0873,0.0
E01000193,20.0665,5,43.3869,2.65032
E01000197,9.2003,2,20.8008,3.44856
E01000206,2.80062,1b,13.9622,0.0
E01000207,3.89728,1b,5.6874,2.46602
E01000212,7.74902,2,26.5206,2.287
E01000216,8.80247,2,15.8143,4.85505
E01000217,6.08947,2,9.20555,1.73751
E01000220,13.651,3,18.4633,8.48542
E01000222,6.68951,2,11.434,4.46945
E01000223,8.4522,2,14.5112,0.0
E01000224,9.28636,2,13.3766,6.17118
E01000234,11.8742,3,17.5751,4.6036
E01000239,5.80517,2,16.5758,0.0
E01000241,2.21401,1a,6.98464,0.0
E01000242,4.83334,1b,7.19822,2.33204
E01000261,2.93094,1b,4.82154,0.0
E01000266,4.41078,1b,7.9171,1.29152
E01000269,10.0329,3,16.2602,5.73013
E01000270,10.4929,3,14.0076,7.71645
E01000280,4.76207,1b,17.2137,0.0
E01000287,4.13223,1b,5.76196,2.67202
E01000288,8.34093,2,24.5539,0.0
E01000292,8.10976,2,16.3083,3.0462
E01000295,14.5725,3,24.377,5.48733
E01000298,12.4266,3,19.8811,3.49604
E01000304,8.91359,2,16.2483,3.11975
E01000316,5.17573,2,11.7524,3.26843
E01000324,6.64776,2,10.9895,1.2709
E01000333,4.65451,1b,7.4971,1.95343
E01000344,4.49253,1b,6.27289,2.40418
E01000346,3.83546,1b,5.49931,1.29317
E01000350,3.73397,1b,6.16081,0.0
E01000352,4.45,1b,5.86488,0.0
E01000358,8.54207,2,13.6249,2.11713
E01000359,4.70258,1b,10.0376,3.20201
E01000365,10.9912,3,25.5656,1.79117
E01000366,15.4365,4,21.6472,5.7131
E01000371,4.97689,1b,9.78597,0.0
E01000391,1.68107,1a,5.13711,0.0
E01000395,4.94627,1b,12.5236,0.0
E01000407,5.89327,2,11.8561,2.55798
E01000408,2.95511,1b,10.6619,0.0
E01000413,3.13988,1b,6.71716,0.0
E01000415,10.0208,3,16.0433,1.76654
E01000427,3.50594,1b,12.5027,0.0
E01000429,3.16287,1b,9.56615,0.0
E01000430,1.11926,1a,9.96942,0.0
E01000432,6.72977,2,13.6,0.0
E01000433,9.43322,2,13.9017,2.71511
E01000435,6.34223,2,12.1355,0.0
E01000449,7.69075,2,13.8878,0.0
E01000459,8.92433,2,15.1474,1.57812
E01000460,2.84096,1b,14.6932,0.0
E01000465,5.52304,2,10.5164,3.66162
E01000468,3.15332,1b,9.67602,0.0
E01000474,6.01557,2,12.1401,0.0
E01000479,8.773,2,19.0604,2.22013
E01000480,8.53172,2,20.1894,0.0
E01000482,13.8398,3,25.0535,6.90057
E01000483,4.48723,1b,10.7604,0.0
E01000486,1.89211,1a,12.06,0.0
E01000490,18.8376,4,24.4385,12.4855
E01000493,12.1156,3,17.088,6.15781
E01000495,16.5721,4,25.6341,11.6677
E01000497,9.96727,2,14.3582,4.06039
E01000499,8.17823,2,14.1942,0.0
E01000502,5.22546,2,8.97117,2.21775
E01000503,4.5231,1b,11.6101,0.0
E01000508,9.03168,2,18.0755,3.42542
E01000511,14.7046,3,19.3793,6.77273
E01000516,7.96554,2,14.5924,3.28954
E01000517,6.82001,2,15.6914,0.0
E01000518,5.50147,2,11.5679,0.0
E01000525,21.9764,5,27.0672,16.7854
E01000535,17.2412,4,26.2959,7.81209
E01000543,9.25994,2,15.3873,2.56079
E01000551,21.5508,5,24.7471,16.4425
E01000556,24.2404,5,26.8186,19.6943
E01000560,12.834,3,18.5368,4.47528
E01000562,3.15073,1b,9.02857,0.0
E01000563,4.22988,1b,7.36182,2.25386
E01000564,8.36473,2,12.1269,2.31909
E01000574,7.54603,2,12.3257,4.44129
E01000577,7.48327,2,12.1569,3.10238
E01000589,7.31725,2,14.1907,0.0
E01000601,8.08791,2,14.4235,3.19656
E01000607,7.60076,2,18.0512,0.0
E01000620,8.14347,2,18.7111,0.0
E01000621,10.1976,3,21.3383,0.0
E01000627,10.8824,3,15.0448,5.68212
E01000630,12.6801,3,26.4506,0.0
E01000638,10.6557,3,24.8171,0.0
E01000640,21.8738,5,26.5273,15.7237
E01000644,15.7692,4,19.9576,9.75394
E01000646,4.81849,1b,8.29688,2.63025
E01000648,7.97442,2,12.9426,0.0
E01000649,8.30551,2,16.0272,0.0
E01000651,8.29657,2,12.5235,2.81942
E01000662,2.57166,1b,6.01843,0.0
E01000669,7.89737,2,9.2039,6.13907
E01000670,20.9143,5,34.4156,2.14558
E01000673,8.33057,2,14.4287,4.51745
E01000678,10.4015,3,32.0211,0.0
E01000684,3.3141,1b,5.95965,0.0
E01000695,2.09427,1a,9.12131,0.0
E01000698,3.03878,1b,6.25227,0.0
E01000708,11.3352,3,18.9422,5.43006
E01000712,9.9824,2,19.1845,1.5234
E01000725,8.85412,2,13.7004,0.0
E01000752,2.24921,1a,6.28518,0.0
E01000755,9.75678,2,18.8124,0.753192
E01000782,5.60989,2,7.95514,0.0
E01000792,4.3915,1b,6.08739,2.11793
E01000794,5.19259,2,24.6865,0.0
E01000802,16.6572,4,21.1524,12.0121
E01000806,17.9533,4,20.6053,13.5711
E01000813,5.27963,2,14.7103,0.0
E01000814,11.9807,3,29.2287,0.0
E01000820,4.79018,1b,9.75017,0.0
E01000823,9.76816,2,24.5472,2.0824
E01000824,15.9188,4,21.3688,3.90532
E01000826,2.24561,1a,3.46811,1.50528
E01000829,19.1676,4,31.0183,4.26358
E01000830,3.17597,1b,10.5502,0.0
E01000832,5.32819,2,9.63531,0.0
E01000838,4.17723,1b,11.4899,0.0
E01000851,55.0582,6b,59.9113,51.917
E01000854,67.7297,6b,100.448,49.3342
E01000858,25.9939,6a,38.8945,7.43268
E01000859,11.7204,3,18.2064,7.24748
E01000864,7.84971,2,11.4519,4.67853
E01000866,24.6208,5,38.9166,11.2913
E01000880,20.6078,5,36.4388,7.19919
E01000891,11.0683,3,14.542,9.93937
E01000896,15.3479,4,21.3477,10.8741
E01000904,28.539,6a,32.6796,23.6963
E01000909,8.16553,2,16.3142,5.30452
E01000910,17.9521,4,24.0225,11.5978
E01000912,6.58256,2,24.7152,0.0
E01000914,60.1685,6b,81.9902,33.5773
E01000915,50.4737,6b,67.9454,38.8964
E01000916,55.1058,6b,69.1476,47.4194
E01000923,22.28,5,28.9519,19.7422
E01000926,18.2701,4,21.8149,11.6479
E01000930,27.3387,6a,32.2293,24.2318
E01000934,16.2306,4,31.5255,2.15251
E01000937,51.5901,6b,70.129,30.6765
E01000946,23.0251,5,85.358,0.0
E01000949,18.7654,4,27.2602,10.121
E01000950,27.6479,6a,42.8259,16.3348
E01000951,35.5703,6a,46.4322,25.3431
E01000956,83.8862,6b,118.512,47.7357
E01000958,36.7298,6a,56.9799,2.50826
E01000960,37.2568,6a,47.9904,26.3905
E01000966,21.1491,5,30.8903,13.5976
E01000970,22.4513,5,27.3554,19.2878
E01000971,16.8373,4,18.5445,8.51956
E01000972,28.7901,6a,42.3644,9.79506
E01000977,16.394,4,21.8865,10.7293
E01000979,35.4789,6a,54.5225,11.2572
E01000983,12.1659,3,17.9551,8.53761
E01000992,7.71603,2,17.8506,0.0
E01000993,15.1917,4,19.9407,10.2184
E01000995,5.73622,2,10.158,4.36514
E01000998,15.261,4,18.398,10.3674
E01000999,9.77532,2,17.2453,4.47993
E01001003,10.512,3,15.8399,2.37668
E01001007,8.63286,2,11.3794,5.8395
E01001008,8.70143,2,12.6733,6.13276
E01001015,6.22204,2,13.8415,0.902792
E01001017,1.37466,1a,9.66218,0.0
E01001018,2.04846,1a,6.13902,0.0
E01001022,1.60887,1a,4.83893,0.0
E01001026,5.27346,2,7.48435,1.46455
E01001039,3.77248,1b,10.5374,1.86648
E01001042,36.4641,6a,74.362,23.1118
E01001044,7.24152,2,31.2473,0.0
E01001053,8.99229,2,12.3464,6.25696
E01001054,11.4463,3,15.5282,9.1532
E01001056,8.14277,2,10.4873,5.92348
E01001061,3.65065,1b,12.0221,0.0
E01001064,3.8942,1b,16.8449,0.0
E01001067,2.15772,1a,6.23827,0.0
E01001071,3.236,1b,8.92959,0.0
E01001072,0.191141,1a,3.30195,0.0
E01001074,8.73726,2,17.2133,2.9615
E01001076,7.85997,2,13.9875,3.57331
E01001082,6.28667,2,11.8326,0.0
E01001083,8.44081,2,16.7622,2.79666
E01001091,3.0854,1b,10.6758,0.0
E01001110,28.3125,6a,48.8509,7.12873
E01001117,14.6037,3,29.3728,2.83879
E01001133,5.21562,2,8.19838,1.6029
E01001137,7.3365,2,17.3909,2.21627
E01001138,8.5288,2,17.1665,2.92612
E01001146,4.45021,1b,10.4066,2.12551
E01001154,16.3767,4,21.0133,8.83434
E01001157,4.17033,1b,7.29973,0.0
E01001162,9.15466,2,15.265,4.99973
E01001163,8.4111,2,10.3668,3.87815
E01001171,11.0295,3,20.7277,2.0354
E01001172,5.20042,2,14.6435,0.0
E01001175,12.1109,3,19.1517,9.40629
E01001180,8.17941,2,12.6354,3.3924
E01001181,11.9405,3,15.2721,9.72923
E01001185,14.2253,3,19.1364,9.54145
E01001191,20.2794,5,24.2574,15.6875
E01001193,5.90949,2,15.6452,0.0
E01001194,9.51461,2,21.0912,0.0
E01001203,11.5373,3,13.5935,10.0026
E01001204,9.82003,2,13.5127,5.20942
E01001208,8.15917,2,14.4105,0.0
E01001212,8.41055,2,14.2736,3.35889
E01001220,7.48066,2,15.5186,0.0
E01001231,13.3763,3,22.401,3.73593
E01001233,12.0256,3,17.427,7.15193
E01001236,14.1672,3,28.9781,3.31448
E01001238,18.5242,4,26.5655,2.08502
E01001250,13.1669,3,18.9261,6.369
E01001254,8.62924,2,19.0384,0.0
E01001261,16.0815,4,25.2925,0.0
E01001266,9.70967,2,16.684,0.0
E01001267,8.61345,2,16.2726,0.0
E01001269,8.36389,2,14.2302,2.98234
E01001274,8.73261,2,13.6218,4.00602
E01001277,12.7076,3,21.8823,0.0
E01001278,17.0625,4,22.1914,12.6484
E01001279,6.53397,2,11.411,2.33989
E01001281,5.89419,2,20.5427,0.0
E01001285,7.67392,2,15.4014,3.3598
E01001291,8.70156,2,10.9223,5.3001
E01001296,6.06176,2,7.20291,3.64699
E01001311,6.10874,2,14.8158,1.41475
E01001315,7.7952,2,14.211,0.0
E01001331,6.28616,2,9.74238,0.0
E01001337,3.47932,1b,18.3712,0.0
E01001339,2.0779,1a,10.9237,0.0
E01001345,4.40317,1b,11.7149,0.0
E01001347,4.07255,1b,13.7866,0.0
E01001352,18.863,4,23.2585,14.6552
E01001353,18.2015,4,26.7112,13.083
E01001354,20.0663,5,26.9191,6.13202
E01001359,8.32297,2,15.3145,5.4924
E01001382,9.00221,2,14.572,4.09123
E01001383,8.34792,2,13.8535,3.6218
E01001386,10.2136,3,26.7876,0.0
E01001387,16.6774,4,37.6276,2.715
E01001388,19.7149,4,27.3908,13.7059
E01001391,11.9268,3,17.8787,3.69257
E01001401,8.2105,2,10.0849,5.76825
E01001402,6.76976,2,10.9758,3.44268
E01001404,1.38797,1a,7.13601,0.0
E01001420,4.87497,1b,11.2405,1.79095
E01001422,1.58118,1a,3.96012,0.0
E01001430,19.3486,4,26.7818,0.0
E01001434,3.48845,1b,7.29663,2.04829
E01001445,3.27794,1b,9.06477,0.0
E01001446,7.56173,2,12.6718,4.90066
E01001449,7.15805,2,9.27433,1.74842
E01001462,8.25871,2,17.8583,2.22575
E01001463,5.47216,2,8.53138,4.11343
E01001469,8.29827,2,11.9917,1.57884
E01001472,10.9356,3,21.6455,5.97667
E01001474,7.25554,2,14.5364,1.75575
E01001489,7.01077,2,16.0496,3.66506
E01001499,5.506,2,14.2191,0.0
E01001504,6.6924,2,14.4142,0.0
E01001509,8.03187,2,14.3741,5.20071
E01001511,9.96331,2,18.7523,3.42386
E01001518,8.49619,2,17.8291,0.0
E01001526,3.27332,1b,8.88667,0.0
E01001536,16.2406,4,26.0113,3.74283
E01001537,3.08794,1b,4.58371,2.00948
E01001543,3.31608,1b,12.7876,0.0
E01001544,13.137,3,21.2612,2.48456
E01001545,3.99603,1b,6.86942,1.3985
E01001548,5.88398,2,8.19462,2.63574
E01001549,4.96912,1b,8.3051,0.0
E01001555,16.8233,4,24.3206,7.45604
E01001558,19.9923,4,25.1592,12.6357
E01001560,8.10062,2,15.6366,0.0
E01001572,12.9467,3,16.8209,3.19478
E01001586,14.2767,3,19.2823,6.84779
E01001591,15.4697,4,21.2485,5.99972
E01001598,7.24491,2,12.0915,1.72602
E01001608,9.34922,2,19.2205,0.0
E01001611,5.26864,2,12.0947,2.31996
E01001621,16.7791,4,24.0605,8.50978
E01001624,6.64714,2,13.5034,3.30286
E01001646,10.1039,3,13.4737,7.61001
E01001650,6.70168,2,12.1584,3.1442
E01001654,2.71472,1b,3.93823,1.76632
E01001658,6.88436,2,12.2758,4.23875
E01001661,6.34564,2,15.1026,2.29819
E01001674,8.69146,2,14.4797,2.06365
E01001686,4.7133,1b,7.15004,2.86704
E01001692,5.74261,2,10.1199,0.0
E01001694,4.59608,1b,12.5494,0.0
E01001697,17.7606,4,37.1157,3.02734
E01001702,2.9455,1b,7.20898,1.88017
E01001711,9.86764,2,17.3012,5.24861
E01001713,13.6005,3,16.8499,10.8022
E01001719,13.1775,3,19.3852,9.58772
E01001726,20.0355,5,21.4716,16.944
E01001728,13.7357,3,16.6698,11.5823
E01001730,19.9055,4,29.1292,11.6021
E01001737,9.14911,2,11.3675,6.80858
E01001746,14.8335,3,16.7559,11.2122
E01001750,20.7304,5,30.4334,16.3057
E01001752,13.4473,3,21.5565,5.87934
E01001755,17.3956,4,22.2136,13.4455
E01001758,29.7331,6a,42.8209,12.044
E01001759,26.6748,6a,30.1195,17.2993
E01001764,19.5365,4,23.5931,11.5843
E01001773,18.3073,4,23.1752,16.2261
E01001775,11.0014,3,17.8017,4.17297
E01001779,26.9558,6a,38.2178,18.6755
E01001780,37.2004,6a,50.2408,27.0346
E01001784,22.5587,5,35.5614,12.8823
E01001786,2.67104,1b,12.7155,0.0
E01001787,5.03816,2,9.46056,2.70572
E01001791,7.56684,2,14.1076,4.05535
E01001794,22.9605,5,27.838,16.2173
E01001806,8.51787,2,19.229,2.60697
E01001814,22.4269,5,29.1056,14.0473
E01001815,13.0801,3,17.7919,8.19403
E01001824,6.39963,2,12.5128,0.0
E01001829,19.9941,4,27.7055,13.7484
E01001832,22.0006,5,26.0771,15.6034
E01001838,22.4844,5,25.9896,18.6253
E01001841,7.21144,2,9.97999,5.01219
E01001845,11.1784,3,14.1948,9.82838
E01001851,27.4169,6a,38.9001,12.8871
E01001862,13.926,3,16.8457,9.21066
E01001869,34.8747,6a,48.9895,17.584
E01001870,22.8124,5,29.6877,16.9187
E01001872,26.8532,6a,31.4808,22.976
E01001883,30.1086,6a,41.09,22.0001
E01001891,20.6091,5,37.4698,6.26668
E01001896,27.0853,6a,35.7015,12.049
E01001899,38.8981,6a,57.4868,24.6891
E01001907,17.2494,4,26.0745,9.56301
E01001909,21.9269,5,26.4139,18.9879
E01001918,8.78817,2,13.8671,6.98983
E01001928,15.6955,4,20.2773,10.0321
E01001929,22.6342,5,27.4616,14.3833
E01001930,12.0684,3,20.0138,2.66164
E01001931,17.8779,4,21.6663,16.4598
E01001950,18.3188,4,21.3593,14.0399
E01001953,20.6443,5,27.6208,12.171
E01001960,11.9181,3,16.0865,7.87045
E01001972,18.835,4,27.3794,8.03361
E01001973,14.1758,3,27.0547,1.88648
E01001978,22.805,5,26.5573,20.7564
E01001980,7.19553,2,12.3914,5.23499
E01001983,6.60909,2,9.07137,5.28159
E01001988,11.1774,3,13.8583,8.53851
E01001993,6.36317,2,12.2968,0.0
E01001994,8.09537,2,14.756,4.05693
E01001995,2.84053,1b,6.8056,0.0
E01002001,16.2744,4,19.1497,14.1897
E01002002,28.7293,6a,63.571,11.2885
E01002003,28.4334,6a,42.2414,9.0698
E01002007,16.8044,4,22.9304,10.8607
E01002008,4.39824,1b,17.0936,0.0
E01002013,5.29557,2,14.4231,0.0
E01002021,7.09473,2,9.74175,4.42674
E01002022,11.9249,3,17.9593,6.5
E01002026,29.3411,6a,39.3451,19.3948
E01002036,12.596,3,19.0726,3.38779
E01002039,10.2248,3,13.1063,7.99847
E01002049,9.75451,2,15.1474,5.91017
E01002053,22.5215,5,29.6078,14.4782
E01002057,3.9649,1b,14.8019,0.0
E01002066,35.249,6a,48.6746,22.6986
E01002071,36.128,6a,42.6663,29.8926
E01002075,7.64326,2,13.6072,1.949
E01002077,21.8826,5,28.6443,5.87401
E01002088,11.3333,3,18.0777,2.23614
E01002101,4.38739,1b,9.25358,0.0
E01002103,11.0979,3,23.5223,4.06262
E01002106,3.62664,1b,5.82727,0.0
E01002109,4.20748,1b,8.93011,1.82328
E01002110,5.97362,2,9.74473,2.32198
E01002113,2.54529,1b,11.4662,0.0
E01002124,3.03255,1b,5.91871,0.0
E01002125,9.0629,2,21.9583,0.0
E01002131,6.53152,2,16.4493,0.0
E01002132,9.26165,2,19.2559,2.15081
E01002138,5.02084,2,8.50717,3.59608
E01002142,10.896,3,15.859,8.19782
E01002152,4.2706,1b,8.49861,0.0
E01002156,6.05169,2,12.3634,0.0
E01002158,5.69312,2,11.7908,2.48257
E01002161,13.9476,3,17.0915,10.7273
E01002162,5.68922,2,8.40922,3.30299
E01002167,3.92671,1b,8.43813,2.1479
E01002173,6.3859,2,11.7471,3.34346
E01002176,11.2074,3,22.7928,0.0
E01002188,4.67791,1b,11.846,0.0
E01002196,3.44001,1b,8.38097,1.36141
E01002198,7.24538,2,14.7284,2.72427
E01002200,5.39606,2,12.0282,0.0
E01002203,4.58829,1b,12.2345,2.32608
E01002208,7.41351,2,13.5602,1.80713
E01002210,9.77544,2,16.1018,0.0
E01002222,6.3186,2,10.6441,1.48967
E01002227,3.76308,1b,8.08391,0.0
E01002231,4.32826,1b,9.31763,2.63595
E01002234,3.8861,1b,7.53856,0.0
E01002251,8.71603,2,12.3878,6.10841
E01002253,2.19965,1a,4.48951,0.0
E01002258,4.56305,1b,6.03081,2.2397
E01002259,0.661991,1a,6.35064,0.0
E01002263,2.23081,1a,10.0248,0.0
E01002274,6.79855,2,9.69105,0.0
E01002276,0.834587,1a,6.91639,0.0
E01002279,5.13857,2,7.47139,3.28421
E01002281,5.47366,2,9.23158,2.59395
E01002284,4.27953,1b,7.6104,0.0
E01002287,8.12388,2,14.3374,0.0
E01002288,3.26005,1b,9.65309,0.0
E01002290,9.15911,2,12.9883,6.26948
E01002302,5.37297,2,9.70925,1.96099
E01002305,0.794609,1a,4.87934,0.0
E01002312,3.54009,1b,6.88849,0.0
E01002313,3.88134,1b,6.3858,1.84425
E01002316,2.98846,1b,5.55349,0.0
E01002317,3.9746,1b,10.118,0.0
E01002319,6.30086,2,12.5389,2.80479
E01002331,5.56346,2,10.0119,2.01939
E01002332,5.74047,2,9.56899,2.7762
E01002335,6.44552,2,9.49016,0.0
E01002342,4.2182,1b,7.15766,2.91895
E01002345,7.40675,2,12.1803,0.0
E01002350,27.5309,6a,40.0191,8.89239
E01002351,9.33551,2,25.1787,4.42797
E01002353,14.8267,3,36.8921,0.0
E01002355,7.17816,2,14.7983,0.0
E01002371,6.45978,2,8.39102,5.49879
E01002373,3.62359,1b,7.22077,0.0
E01002379,12.4053,3,16.6802,9.54338
E01002384,10.1165,3,23.4824,1.82437
E01002388,2.10815,1a,3.108,0.0
E01002390,3.6671,1b,15.8125,0.0
E01002400,4.92686,1b,9.21129,0.0
E01002401,5.05247,2,11.6861,0.0
E01002407,14.9861,3,24.7567,0.0
E01002416,1.84516,1a,8.95188,0.0
E01002418,5.46504,2,9.67149,0.0
E01002419,9.51351,2,12.8524,2.17193
E01002420,3.30311,1b,8.74156,0.0
E01002422,4.62929,1b,6.8378,2.69484
E01002424,5.29873,2,6.57101,3.58781
E01002428,2.66693,1b,5.34851,0.0
E01002434,2.65528,1b,13.7326,0.0
E01002438,0.240965,1a,2.5125,0.0
E01002448,5.89817,2,15.4586,0.0
E01002454,0.501776,1a,3.02054,0.0
E01002464,4.9929,1b,12.2626,0.0
E01002465,7.99062,2,12.2241,2.13004
E01002484,6.5183,2,10.1507,3.04275
E01002485,9.20889,2,13.0118,6.60076
E01002490,8.17782,2,22.366,0.0
E01002494,1.52927,1a,9.26337,0.0
E01002497,8.86139,2,12.7884,2.22177
E01002498,7.71931,2,11.5636,0.0
E01002529,11.2418,3,15.1564,6.14658
E01002530,3.38288,1b,6.04595,2.28802
E01002531,6.10043,2,13.4122,0.0
E01002532,3.40202,1b,9.66837,0.0
E01002535,14.494,3,21.4551,8.38453
E01002536,8.45962,2,17.6674,0.803729
E01002537,8.7211,2,13.1132,2.2001
E01002545,2.54742,1b,7.84505,0.0
E01002548,3.96665,1b,12.0136,0.0
E01002550,1.61395,1a,6.51378,0.0
E01002553,5.09357,2,6.91507,0.0
E01002554,4.65665,1b,15.51,0.0
E01002557,5.15537,2,6.96558,2.49206
E01002558,5.25246,2,6.18638,4.07324
E01002564,7.97876,2,14.4897,0.0
E01002568,11.3967,3,16.8485,6.28291
E01002570,19.6988,4,25.292,11.8538
E01002573,14.9101,3,25.3326,9.58692
E01002575,12.348,3,19.9775,0.0
E01002577,4.2213,1b,9.64579,0.0
E01002578,7.80573,2,10.9099,2.16199
E01002580,14.1321,3,17.8363,8.83633
E01002582,2.78394,1b,11.4192,0.0
E01002598,7.40118,2,15.0294,1.90747
E01002599,3.71577,1b,8.10696,0.0
E01002603,4.82379,1b,14.4836,0.0
E01002613,6.48639,2,8.43325,3.78747
E01002615,3.75133,1b,9.0007,0.0
E01002629,7.73502,2,17.3257,1.72164
E01002632,3.92926,1b,7.85021,0.0
E01002633,3.50432,1b,7.3803,0.0
E01002634,4.11431,1b,6.69209,2.24283
E01002636,3.53391,1b,6.08852,1.69181
E01002637,4.82529,1b,9.85126,0.0
E01002641,16.9963,4,29.1638,8.41105
E01002642,24.4652,5,38.6533,0.0
E01002645,20.9752,5,35.6402,0.0
E01002646,8.55547,2,17.981,1.78155
E01002652,5.27002,2,8.40397,0.0
E01002655,6.81442,2,10.2393,2.24966
E01002658,6.80644,2,14.5109,0.0
E01002659,4.39364,1b,10.3139,0.0
E01002662,17.8295,4,35.998,5.93684
E01002669,3.80483,1b,12.7799,0.0
E01002671,5.11347,2,7.46577,3.11312
E01002693,20.2768,5,23.1757,16.1933
E01002695,31.1858,6a,54.1734,9.58913
E01002697,49.2683,6b,75.0605,26.9874
E01002708,13.2189,3,22.5749,2.57627
E01002725,27.2715,6a,39.197,12.1652
E01002726,35.6992,6a,49.5514,22.8854
E01002729,33.8392,6a,67.5215,18.4415
E01002730,40.1437,6b,49.9896,27.6593
E01002734,55.4333,6b,64.159,46.5772
E01002741,11.4166,3,19.0556,8.96044
E01002743,11.0826,3,19.5147,6.11764
E01002745,20.0709,5,24.4411,13.3024
E01002762,25.727,6a,37.1325,19.2748
E01002771,21.7377,5,30.9868,13.6481
E01002772,32.0962,6a,41.8273,26.4031
E01002790,30.8121,6a,41.2709,23.6466
E01002793,31.008,6a,34.589,23.3291
E01002798,16.1488,4,23.719,7.107
E01002800,13.452,3,23.0666,4.03456
E01002803,25.1791,6a,39.2883,6.95745
E01002806,18.9807,4,34.5982,2.52695
E01002808,13.2818,3,27.2076,0.0
E01002825,22.672,5,33.0278,3.77101
E01002838,32.8573,6a,34.9052,31.439
E01002846,42.1646,6b,49.3267,36.3016
E01002849,39.811,6a,43.5624,33.9382
E01002851,35.14,6a,41.5962,27.1188
E01002854,17.4662,4,24.4856,10.2405
E01002861,29.4804,6a,34.3903,25.678
E01002863,31.2776,6a,40.6092,25.8602
E01002868,23.003,5,37.4353,0.0
E01002875,22.6472,5,27.5633,17.8567
E01002876,9.38816,2,13.6967,6.44851
E01002883,33.9217,6a,40.7189,28.4063
E01002885,34.894,6a,39.0465,32.3857
E01002894,36.7694,6a,41.3878,26.7877
E01002895,16.7174,4,27.0831,10.2787
E01002901,16.9927,4,29.0359,3.09777
E01002904,3.24476,1b,9.39021,0.0
E01002905,16.0745,4,22.3594,10.4246
E01002909,18.9976,4,22.452,16.6073
E01002919,5.29739,2,13.7251,0.0
E01002924,2.6092,1b,4.73989,0.0
E01002927,3.25582,1b,5.9926,0.855252
E01002934,3.95381,1b,8.4957,0.762529
E01002938,5.36098,2,13.6026,0.813981
E01002945,4.9156,1b,6.64463,0.0
E01002954,14.9587,3,18.1423,12.0164
E01002955,4.07878,1b,7.56077,0.0
E01002958,5.58528,2,9.12323,0.0
E01002962,2.68542,1b,5.58085,0.0
E01002967,14.8438,3,21.6141,0.0
E01002968,28.9117,6a,43.7034,2.58436
E01002970,5.52709,2,13.0751,0.0
E01002972,21.9308,5,29.8619,12.2372
E01002980,6.15185,2,9.07263,3.70956
E01002987,20.759,5,25.2355,16.9211
E01002999,16.8724,4,20.9252,9.79417
E01003005,3.58681,1b,6.25495,2.00322
E01003007,4.3341,1b,6.53272,0.0
E01003009,3.55607,1b,5.0091,2.2633
E01003016,106.841,6b,128.926,84.4844
E01003018,20.885,5,35.1704,15.3343
E01003025,14.2117,3,30.9382,0.0
E01003029,16.1552,4,26.9816,5.57581
E01003032,26.4755,6a,41.8783,19.7542
E01003037,13.9905,3,18.241,9.79803
E01003050,39.9008,6a,52.1002,32.9479
E01003058,21.9789,5,32.9673,15.3464
E01003059,23.0769,5,36.1004,9.62168
E01003062,21.5518,5,31.4805,14.0352
E01003064,5.58747,2,9.65661,3.08733
E01003075,15.815,4,23.4606,8.35003
E01003078,14.7264,3,23.0451,7.52489
E01003081,18.5632,4,23.6335,8.55304
E01003094,25.5264,6a,30.9106,20.9496
E01003101,43.76,6b,51.6775,28.5041
E01003105,34.266,6a,39.8567,28.9165
E01003107,40.2344,6b,47.9266,26.0481
E01003113,23.4474,5,32.4992,15.154
E01003114,23.2293,5,40.7006,13.0443
E01003118,24.2963,5,39.2749,5.56717
E01003121,15.0396,4,18.9087,10.6058
E01003122,11.1862,3,32.4607,6.6296
E01003125,22.0857,5,30.4707,12.8731
E01003127,29.9984,6a,40.32,24.1017
E01003139,11.4202,3,12.4925,10.1764
E01003140,10.1648,3,14.9391,0.0
E01003148,11.4274,3,24.9836,1.85012
E01003149,5.06236,2,18.0534,2.15287
E01003150,20.8747,5,35.213,3.20959
E01003152,9.85664,2,23.5077,3.56446
E01003154,3.8886,1b,5.12769,1.74038
E01003156,6.41393,2,10.6713,3.00533
E01003158,5.545,2,18.7079,2.16665
E01003162,16.3414,4,23.554,11.349
E01003163,10.7231,3,14.0466,4.1032
E01003165,11.2646,3,17.7105,7.52032
E01003172,9.28574,2,16.1273,6.57422
E01003174,18.4958,4,27.0297,5.91202
E01003180,8.44229,2,18.5407,6.08376
E01003182,6.63217,2,13.2153,2.23329
E01003184,15.43,4,24.427,8.29212
E01003185,20.292,5,21.9837,17.8682
E01003189,6.55551,2,7.1511,6.03322
E01003190,9.6281,2,14.0461,4.66196
E01003197,5.55736,2,10.5405,0.0
E01003205,19.8528,4,43.0841,5.61001
E01003209,27.8807,6a,36.0534,15.9049
E01003211,19.7389,4,30.9703,12.5084
E01003226,19.141,4,23.4088,9.49619
E01003228,15.068,4,21.3237,3.49197
E01003230,8.57196,2,18.6099,3.71884
E01003250,8.58491,2,17.2107,2.299
E01003257,12.2975,3,21.2665,6.70412
E01003264,14.2413,3,19.0198,3.42594
E01003265,13.9017,3,21.5409,5.36749
E01003266,7.1715,2,13.0682,5.42492
E01003269,6.04856,2,12.1103,1.83867
E01003270,4.45343,1b,10.9545,1.9012
E01003272,15.8681,4,19.8822,7.16917
E01003273,17.8771,4,39.8515,5.32559
E01003275,7.1541,2,13.1706,2.04523
E01003277,16.5674,4,26.4296,9.4643
E01003278,30.0924,6a,42.5162,13.5684
E01003280,9.66852,2,13.1856,4.38619
E01003285,11.4204,3,14.0185,1.60759
E01003286,11.6937,3,14.9145,6.82118
E01003291,17.8838,4,26.4485,9.58652
E01003293,14.3757,3,19.0116,10.9551
E01003301,17.1061,4,44.7744,0.0
E01003312,5.94647,2,10.4195,2.06974
E01003313,7.63834,2,17.3895,2.19546
E01003321,19.4035,4,24.4174,15.7555
E01003326,11.3001,3,17.1235,4.76756
E01003327,18.9543,4,25.3772,13.323
E01003337,13.0547,3,19.6626,7.87054
E01003338,29.6602,6a,38.8085,22.1609
E01003339,24.2591,5,36.3145,2.1583
E01003349,12.3981,3,16.6148,8.85674
E01003351,5.52452,2,9.61568,3.64956
E01003352,13.3553,3,18.1217,8.97565
E01003358,36.2575,6a,44.0759,19.2666
E01003369,19.9008,4,23.0896,15.2383
E01003379,14.4397,3,19.2955,9.05311
E01003397,11.2521,3,16.7211,5.93669
E01003404,8.77915,2,30.1983,3.63048
E01003420,4.12135,1b,8.94318,0.0
E01003424,6.45468,2,14.0937,2.28278
E01003435,5.77996,2,15.4989,2.06725
E01003441,8.32926,2,13.901,1.92171
E01003445,6.61758,2,16.8982,0.0
E01003448,7.52996,2,12.2909,4.71297
E01003457,9.78008,2,32.6784,5.20964
E01003462,2.39774,1a,12.4598,0.0
E01003467,4.29369,1b,12.8972,0.0
E01003471,10.6204,3,21.4141,2.79414
E01003481,8.92584,2,17.7311,2.04607
E01003486,12.3745,3,17.3757,5.89409
E01003493,13.9254,3,23.8452,8.79765
E01003494,9.82311,2,20.8037,3.91031
E01003497,11.2243,3,30.1372,2.00926
E01003500,12.1732,3,32.2089,0.0
E01003503,24.5424,5,33.5704,13.9388
E01003509,12.9488,3,16.5515,11.1099
E01003511,5.39377,2,7.27629,1.91624
E01003515,10.8545,3,18.7352,1.89997
E01003516,9.82262,2,15.3745,6.48903
E01003517,9.32713,2,13.3643,5.24748
E01003519,8.22171,2,14.2802,4.01971
E01003523,17.8566,4,28.8857,9.60832
E01003527,8.39999,2,13.4798,4.24259
E01003530,11.7425,3,17.8355,3.17532
E01003531,19.0651,4,30.318,4.5808
E01003534,12.3019,3,20.6962,6.84617
E01003541,2.87957,1b,7.9779,0.0
E01003553,10.4817,3,17.3847,5.90708
E01003560,8.61398,2,10.8484,4.9092
E01003566,18.7171,4,22.0673,14.6115
E01003568,14.8205,3,17.3642,11.7602
E01003569,18.6924,4,23.0153,16.2404
E01003571,10.3242,3,18.8665,5.25107
E01003572,8.02012,2,11.4538,5.11784
E01003574,9.48282,2,16.2708,5.26763
E01003582,4.41749,1b,8.52423,2.31602
E01003591,17.7402,4,21.7194,13.4514
E01003598,15.9015,4,19.1217,10.333
E01003602,18.4545,4,22.2648,13.9652
E01003604,10.7325,3,14.9299,5.95524
E01003621,11.0746,3,16.2487,6.62612
E01003638,7.82279,2,16.4188,2.23275
E01003640,0.891551,1a,8.39609,0.0
E01003653,13.6713,3,19.6869,10.2621
E01003660,2.5003,1b,8.22831,0.0
E01003670,4.84771,1b,6.17308,3.07566
E01003672,8.67179,2,15.7625,0.0
E01003673,6.37091,2,16.0279,0.0
E01003683,3.94166,1b,7.41888,2.69248
E01003688,8.52361,2,39.2097,2.26187
E01003689,29.5026,6a,42.5221,4.41327
E01003690,12.4863,3,23.6969,0.0
E01003691,2.06048,1a,10.9557,0.0
E01003699,5.7749,2,14.4609,0.0
E01003701,14.1653,3,17.1974,9.43611
E01003711,7.56211,2,17.2907,1.81501
E01003718,12.6756,3,16.5198,8.49045
E01003719,9.40997,2,18.5535,0.0
E01003721,9.19717,2,12.5287,2.24335
E01003736,11.9216,3,23.9697,0.0
E01003744,3.26105,1b,5.93104,0.0
E01003747,6.66185,2,12.3348,0.0
E01003749,10.9326,3,13.0988,6.02579
E01003754,7.77639,2,11.6112,2.80413
E01003758,6.232,2,13.2309,2.09532
E01003784,6.91525,2,15.9247,0.0
E01003790,0.792167,1a,4.77379,0.0
E01003804,7.54872,2,10.4279,4.46049
E01003807,9.86465,2,10.9917,8.40116
E01003808,9.59648,2,10.91,7.19565
E01003820,3.48605,1b,5.00711,2.62549
E01003832,3.55058,1b,6.2205,2.25473
E01003839,10.2645,3,13.8166,5.71056
E01003843,4.02523,1b,6.14919,0.0
E01003854,10.799,3,13.9637,7.37337
E01003864,14.337,3,27.9789,2.33664
E01003873,26.0067,6a,40.6785,6.52181
E01003876,27.4481,6a,40.6774,0.0
E01003878,1.55146,1a,9.73693,0.0
E01003885,9.96644,2,17.1164,2.59971
E01003887,11.9381,3,14.6745,8.30501
E01003901,1.69309,1a,6.10321,0.0
E01003908,6.12218,2,9.89457,0.0
E01003909,7.82695,2,9.2768,5.88766
E01003911,14.285,3,23.1377,8.50791
E01003933,63.6931,6b,94.0468,36.7514
E01003935,71.412,6b,98.8904,27.4548
E01003939,89.4512,6b,104.242,73.8279
E01003945,6.43321,2,18.4719,0.0
E01003951,4.94678,1b,13.7941,0.0
E01003953,17.4577,4,23.9036,13.1325
E01003955,11.1178,3,15.2336,5.15533
E01003968,6.82276,2,7.84111,5.7937
E01003972,14.3897,3,19.7883,5.65655
E01003977,7.06045,2,12.596,3.54872
E01003994,35.947,6a,48.9936,23.6641
E01003997,18.504,4,28.352,10.6728
E01003998,34.3612,6a,51.1627,24.732
E01004001,8.26902,2,14.069,0.0
E01004003,17.3645,4,22.6123,8.17851
E01004017,7.87077,2,16.1228,0.0
E01004018,6.66859,2,11.1732,3.49364
E01004020,4.82233,1b,8.04842,0.0
E01004021,16.2104,4,23.4854,12.1054
E01004023,14.8683,3,21.5926,12.1902
E01004029,17.8708,4,27.6357,11.5068
E01004032,18.9261,4,28.8924,12.037
E01004034,17.0703,4,26.8998,11.6301
E01004043,7.1296,2,8.9667,6.01258
E01004046,16.7826,4,25.0592,12.094
E01004056,4.48725,1b,5.53848,3.61505
E01004061,23.2533,5,46.3743,11.2278
E01004065,21.1206,5,26.8288,14.0497
E01004066,23.8717,5,40.2699,12.447
E01004067,39.3049,6a,50.7344,30.4724
E01004071,11.1411,3,15.09,6.91214
E01004074,18.376,4,30.3194,1.88082
E01004079,4.75835,1b,7.87914,0.0
E01004080,8.65035,2,12.7425,0.0
E01004087,4.41837,1b,6.32832,1.34698
E01004089,4.1885,1b,4.92131,2.64176
E01004090,8.44048,2,10.3811,0.0
E01004091,4.25247,1b,9.00849,2.30891
E01004094,7.4126,2,10.7242,1.66476
E01004097,9.32313,2,24.2854,3.15065
E01004099,10.5112,3,15.8379,1.55154
E01004100,9.47192,2,14.3282,3.7747
E01004103,6.0167,2,7.77975,4.15206
E01004120,5.05801,2,7.68184,1.68594
E01004121,8.31877,2,12.3574,0.0
E01004137,26.1402,6a,31.3312,14.1218
E01004138,7.84391,2,24.8162,4.44861
E01004142,26.9452,6a,33.2506,15.2137
E01004144,9.66375,2,17.5372,5.28422
E01004145,7.51904,2,13.9733,0.0
E01004148,9.0427,2,20.198,4.58976
E01004150,20.9115,5,29.7736,3.53298
E01004151,7.49818,2,18.0944,0.0
E01004152,21.2158,5,31.1326,12.9313
E01004155,10.2037,3,21.1138,0.0
E01004156,24.6079,5,33.3424,12.9711
E01004160,8.87518,2,15.6954,5.14987
E01004171,6.44747,2,10.7299,0.0
E01004176,9.35599,2,17.3301,2.31611
E01004181,5.01894,2,14.3046,3.54053
E01004185,4.87253,1b,11.8363,0.0
E01004190,5.60699,2,10.5043,1.78818
E01004195,9.10362,2,12.2047,2.01979
E01004199,32.2057,6a,36.9644,17.9039
E01004205,28.123,6a,38.0484,17.593
E01004206,38.9577,6a,40.2626,35.1724
E01004214,9.50465,2,11.3883,8.47362
E01004217,11.7223,3,21.33,4.31023
E01004221,13.4632,3,17.9728,9.62148
E01004222,6.98327,2,8.91319,5.14352
E01004229,29.3354,6a,34.5778,25.2902
E01004233,6.28465,2,8.71187,4.49524
E01004240,8.6288,2,17.2659,2.62778
E01004247,19.0953,4,23.4686,14.5464
E01004248,13.895,3,16.0301,10.1377
E01004250,8.37663,2,11.4026,6.71935
E01004262,16.9731,4,27.8186,6.23871
E01004267,21.3283,5,38.7632,4.6943
E01004271,14.9648,3,26.6856,5.90871
E01004291,14.1009,3,18.4721,11.9995
E01004292,11.6572,3,17.4379,8.74169
E01004293,22.5279,5,67.7097,3.39655
E01004308,17.9988,4,26.753,4.85015
E01004313,23.7138,5,33.7106,9.00882
E01004316,40.0847,6b,79.5028,25.6206
E01004327,6.34881,2,8.93492,2.3159
E01004334,10.6936,3,20.5963,7.059
E01004335,12.1712,3,17.1219,5.74133
E01004344,6.04218,2,12.7442,0.0
E01004345,5.84532,2,8.591,3.76817
E01004346,7.4411,2,11.2746,3.70283
E01004348,7.85289,2,11.4833,5.2888
E01004351,4.51648,1b,14.3213,1.84927
E01004356,2.9095,1b,6.47925,0.0
E01004369,9.78475,2,12.7033,5.88709
E01004370,9.52782,2,19.9207,2.40548
E01004378,6.17796,2,10.4976,3.62074
E01004383,6.11087,2,8.66028,2.00473
E01004394,14.7573,3,21.7879,7.32855
E01004402,3.6788,1b,6.96334,2.37476
E01004404,5.17408,2,6.98361,3.59355
E01004406,27.6919,6a,37.8273,17.5723
E01004411,32.454,6a,38.2645,27.3624
E01004412,19.3702,4,29.4233,9.21068
E01004417,7.4391,2,14.0281,0.0
E01004418,7.82563,2,10.4342,0.0
E01004425,9.56044,2,13.4941,5.93488
E01004430,15.1683,4,27.2606,1.93672
E01004446,12.5915,3,16.1284,9.06229
E01004455,8.81325,2,13.5061,2.97959
E01004456,2.38199,1a,8.05375,0.0
E01004460,11.8487,3,17.8975,7.61345
E01004463,6.27086,2,10.9944,3.40984
E01004464,10.4803,3,12.6444,7.75982
E01004470,11.0759,3,12.4057,9.34518
E01004476,18.7539,4,28.587,13.7925
E01004477,9.35808,2,16.4439,2.09592
E01004480,19.3993,4,28.6018,13.776
E01004495,17.9979,4,20.2438,14.7814
E01004498,20.2181,5,21.5509,18.6766
E01004499,13.0666,3,19.1265,7.42951
E01004507,21.2298,5,29.9059,15.9241
E01004508,65.3732,6b,76.8107,56.8212
E01004513,11.2959,3,22.1638,0.0
E01004514,23.4007,5,30.1667,13.9027
E01004516,4.56366,1b,6.47452,2.02083
E01004519,13.9156,3,19.8249,5.4775
E01004521,6.997,2,13.4329,5.03179
E01004528,18.0832,4,34.4741,3.0489
E01004531,16.0131,4,27.5115,10.5849
E01004532,3.44266,1b,7.27625,2.32464
E01004534,33.3069,6a,66.5693,2.1332
E01004557,22.3937,5,57.0444,3.19781
E01004564,15.8483,4,27.1978,2.28665
E01004576,1.03424,1a,4.84209,0.0
E01004589,24.4017,5,57.4581,9.45626
E01004591,13.6658,3,18.5462,9.82276
E01004595,7.9174,2,15.3814,2.50342
E01004596,11.5288,3,14.6887,9.67862
E01004600,19.9831,4,30.0837,12.5183
E01004601,10.5263,3,19.3595,4.32931
E01004602,29.104,6a,34.812,18.9566
E01004609,32.7799,6a,41.6474,22.0676
E01004614,20.741,5,31.9277,13.04
E01004615,11.9066,3,19.1268,5.82386
E01004616,31.1881,6a,39.5958,19.665
E01004618,15.3782,4,20.8215,10.3242
E01004628,5.31662,2,10.4889,0.0
E01004635,9.45485,2,11.6026,5.08524
E01004645,6.09325,2,12.5319,1.34203
E01004646,17.3159,4,24.1169,8.1308
E01004656,32.9717,6a,43.7741,20.2301
E01004658,60.5846,6b,66.3722,54.1273
E01004660,67.5543,6b,75.8597,57.3982
E01004663,62.8432,6b,76.7714,45.4831
E01004669,11.9224,3,19.0017,9.60272
E01004674,21.5926,5,25.5487,19.8098
E01004681,48.2925,6b,60.2302,30.4985
E01004692,19.0912,4,31.1402,8.2856
E01004701,20.3509,5,23.4153,18.1539
E01004705,21.3213,5,27.9289,17.8472
E01004708,20.4872,5,28.7858,15.957
E01004710,24.3461,5,32.2539,17.2076
E01004715,52.7533,6b,66.3645,42.6943
E01004727,18.3946,4,76.1571,0.0
E01004738,22.3783,5,35.5525,17.3284
E01004749,66.9255,6b,88.9537,52.8026
E01004751,57.4968,6b,79.0706,48.7737
E01004757,26.6501,6a,38.1362,13.0811
E01004762,55.3645,6b,76.2979,40.3588
E01032569,7.5301,2,12.5119,1.89023
E01032572,16.6446,4,21.8897,7.86124
E01032742,12.8605,3,39.7166,0.0
E01032766,33.5614,6a,48.2596,11.9352
E01032768,19.2419,4,22.0089,12.4971
E01032769,24.0179,5,28.9071,18.3863
E01032770,5.65052,2,6.38414,4.96391
E01032774,7.48924,2,14.4087,3.59805
E01032777,13.9539,3,19.754,9.7951
E01032778,10.3472,3,28.8459,0.0
E01032787,35.3698,6a,42.3377,31.2666
E01032789,12.7026,3,13.4762,11.5644
E01032803,59.5684,6b,61.8808,57.6754
E01033000,12.7114,3,16.8151,7.95955
E01033030,16.7838,4,18.7995,12.1653
E01033082,8.13863,2,17.8058,0.0
E01033083,33.1948,6a,42.7011,21.7288
E01033084,30.1333,6a,37.1803,22.8789
E01033100,25.5711,6a,29.0953,21.2366
E01033101,13.059,3,17.0369,7.44075
E01033132,11.8255,3,24.5905,2.30008
E01033135,18.1249,4,20.3571,11.878
E01033146,4.5284,1b,6.72153,2.29773
E01033322,11.153,3,12.7808,3.05634
E01033341,32.8147,6a,48.3463,22.6083
E01033455,23.8202,5,26.7215,21.1982
E01033456,8.333,2,15.9784,0.0
E01033487,24.1604,5,27.1145,19.5969
E01033490,39.4401,6a,51.9848,30.5134
E01033491,30.8599,6a,40.943,17.0373
E01033579,9.45487,2,23.5966,2.70787
E01033581,6.92438,2,12.6696,1.86566
E01033584,8.05798,2,12.319,0.0
E01033592,3.82496,1b,6.16896,2.09367
E01033601,28.8592,6a,38.0569,17.8451
E01033607,18.959,4,22.9411,13.8014
E01033698,17.2561,4,22.0179,14.2342
E01033699,29.9191,6a,37.3062,20.9195
E01033704,24.1503,5,35.1762,10.5457
E01033705,12.4569,3,21.1266,6.44679
E01033708,68.9076,6b,106.014,36.4232
E01033711,36.0012,6a,45.3153,28.3186
E01033725,6.96301,2,24.7555,0.0
E01033728,8.09003,2,14.4742,3.85307
E01033731,36.8987,6a,50.407,15.6807
E01033737,30.0834,6a,42.8978,17.1734
E01033738,17.2565,4,22.9447,4.79398
E01033741,3.98214,1b,6.16059,0.0
E01033742,3.95321,1b,5.7986,3.05852
E01033743,3.81744,1b,14.3944,0.0
